Time,Disp_X,Disp_Y,Disp_Z,Vel_X,Vel_Y,Vel_Z,Acc_X,Acc_Y,Acc_Z,Ang_R,Ang_P,Ang_Y,Pressure,Temp
0,0.0,0.0,0.0,0.0,0.0,0.0,0.1,-0.2,1.0,0.0,0.0,0.0,1018,24.9
0,0.0,0.0,-0.0,0.0,0.0,-0.2,0.1,-0.2,1.0,0.0,-0.0,-0.0,1018,24.9
0,0.0,0.0,-0.1,0.0,0.0,-0.6,0.1,-0.2,1.0,-0.0,0.0,-0.0,1018,24.8
0,0.0,0.0,-0.1,0.0,0.0,-0.4,0.1,-0.2,1.0,-0.0,0.0,0.0,1018,24.8
0,0.0,0.0,-0.1,0.0,0.0,0.3,0.1,-0.2,1.0,-0.0,0.0,-0.0,1018,24.9
0,0.0,0.0,-0.0,0.0,0.0,0.9,0.1,-0.2,1.0,-0.0,0.0,-0.0,1018,24.9
0,0.0,0.0,-0.1,0.0,0.0,-0.6,0.1,-0.2,1.0,-0.0,-0.0,-0.0,1018,24.9
0,0.0,0.0,-0.1,0.0,0.0,0.3,0.1,-0.2,1.0,-0.1,0.0,-0.0,1018,24.9
0,0.0,0.0,-0.0,0.0,0.0,0.5,0.1,-0.2,1.0,-0.1,0.0,0.0,1018,24.9
1,0.0,0.0,0.0,0.0,0.0,0.1,0.1,-0.2,1.0,-0.1,-0.0,0.0,1018,24.9
1,0.0,0.0,-0.1,0.0,0.0,-1.1,0.0,-0.2,1.0,-0.1,-0.0,0.0,1018,24.9
1,0.0,0.0,-0.1,0.0,0.0,0.2,0.1,-0.2,1.0,-0.1,-0.0,0.0,1018,24.8
1,0.0,0.0,-0.0,0.0,0.0,0.2,0.1,-0.2,1.0,-0.1,-0.0,0.0,1018,24.9
1,0.0,0.0,0.0,0.0,0.0,0.6,0.1,-0.1,1.0,-0.1,-0.0,0.0,1018,24.9
1,0.0,0.0,0.0,0.0,0.0,-0.1,0.1,-0.2,1.0,-0.1,-0.0,0.0,1018,24.9
1,0.0,0.0,0.0,0.0,0.0,0.2,0.1,-0.2,1.0,-0.1,-0.0,-0.0,1018,24.9
1,0.0,0.0,-0.0,0.0,0.0,-0.4,0.1,-0.2,1.0,-0.1,-0.0,-0.0,1018,24.9
2,0.0,0.0,0.0,0.0,0.0,0.1,0.1,-0.2,1.0,-0.1,-0.0,0.0,1018,24.9
2,0.0,0.0,-0.0,0.0,0.0,-0.1,0.1,-0.2,1.0,-0.1,-0.0,-0.0,1018,24.8
2,0.0,0.0,-0.1,0.0,0.0,-0.5,0.1,-0.2,1.0,-0.1,-0.0,-0.0,1018,24.8
2,0.0,0.0,0.0,0.0,0.0,0.6,0.1,-0.2,1.0,-0.1,-0.0,-0.0,1018,24.8
2,0.0,0.0,0.0,0.0,0.0,0.2,0.1,-0.2,1.0,-0.1,-0.0,-0.0,1018,24.8
2,0.0,0.0,0.1,0.0,0.0,0.7,0.1,-0.2,1.0,-0.1,-0.1,-0.0,1018,24.8
2,0.0,0.0,0.1,0.0,0.0,-0.3,0.1,-0.2,1.0,-0.1,-0.0,-0.1,1018,24.8
2,0.0,0.0,0.1,0.0,0.0,0.3,0.1,-0.2,1.0,-0.1,-0.1,-0.1,1018,24.8
3,0.0,0.0,0.1,0.0,0.0,0.2,0.1,-0.2,1.0,-0.1,-0.0,-0.1,1018,24.8
3,0.0,0.0,0.1,0.0,0.0,-0.6,0.1,-0.2,1.0,-0.2,-0.0,-0.1,1018,24.7
3,0.0,0.0,0.1,0.0,0.0,0.3,0.1,-0.2,1.0,-0.1,-0.0,-0.1,1018,24.7
3,0.0,0.0,0.1,0.0,0.0,0.1,0.1,-0.2,1.0,-0.1,-0.1,-0.1,1018,24.7
3,0.0,0.0,0.1,0.0,0.0,-0.1,0.1,-0.2,1.0,-0.1,-0.0,-0.1,1018,24.8
3,0.0,0.0,0.1,0.0,0.0,0.0,0.1,-0.2,1.0,-0.1,-0.0,-0.1,1018,24.8
3,0.0,0.0,0.1,0.0,0.0,-0.2,0.1,-0.2,1.0,-0.1,-0.1,-0.1,1018,24.8
4,0.0,0.0,0.1,0.0,0.0,0.3,0.1,-0.2,1.0,-0.1,-0.1,-0.1,1018,24.8
4,0.0,0.0,0.1,0.0,0.0,0.1,0.1,-0.2,1.0,-0.1,-0.1,-0.1,1018,24.8
4,0.0,0.0,0.0,0.0,0.0,-1.1,0.1,-0.2,1.0,-0.1,-0.1,-0.1,1018,24.7
4,0.0,0.0,0.0,0.0,0.0,0.1,0.1,-0.2,1.0,-0.1,-0.1,-0.1,1018,24.7
4,0.0,0.0,0.1,0.0,0.0,0.7,0.1,-0.2,1.0,-0.1,-0.1,-0.0,1018,24.7
4,0.0,0.0,0.1,0.0,0.0,-0.4,0.1,-0.2,1.0,-0.1,-0.1,-0.0,1018,24.7
4,0.0,0.0,0.1,0.0,0.0,0.4,0.1,-0.2,1.0,-0.1,-0.1,-0.0,1018,24.7
4,0.0,0.0,0.1,0.0,0.0,0.0,0.1,-0.2,1.0,-0.1,-0.1,-0.0,1018,24.7
5,0.0,0.0,0.1,0.0,0.0,0.2,0.1,-0.2,1.0,-0.1,-0.1,-0.0,1018,24.7
5,0.0,0.0,0.1,0.0,0.0,-0.1,0.1,-0.2,1.0,-0.1,-0.1,-0.0,1018,24.7
5,0.0,0.0,-0.0,0.0,0.0,-1.1,0.1,-0.2,1.0,-0.1,-0.1,-0.0,1018,24.7
5,0.0,0.0,-0.0,0.0,0.0,-0.1,0.1,-0.2,1.0,-0.1,-0.1,0.0,1018,24.7
5,0.0,0.0,0.0,0.0,0.0,0.6,0.1,-0.2,1.0,-0.1,-0.1,0.0,1018,24.7
5,0.0,0.0,0.1,0.0,0.0,0.2,0.1,-0.2,1.0,-0.1,-0.1,0.0,1018,24.7
5,0.0,0.0,0.1,0.0,0.0,0.3,0.1,-0.2,1.0,-0.1,-0.1,0.0,1018,24.7
5,0.0,0.0,0.1,0.0,0.0,0.0,0.1,-0.2,1.0,-0.1,-0.1,0.0,1018,24.7
6,0.0,0.0,0.1,0.0,0.0,0.4,0.1,-0.2,1.0,-0.1,-0.1,0.0,1018,24.7
6,0.0,0.0,0.1,0.0,0.0,0.0,0.1,-0.2,1.0,-0.1,-0.1,0.1,1018,24.7
6,0.0,0.0,0.1,0.0,0.0,-0.5,0.1,-0.2,1.0,-0.1,-0.1,0.1,1018,24.6
6,0.0,0.0,0.0,0.0,0.0,-0.5,0.1,-0.2,1.0,-0.1,-0.1,0.0,1018,24.6
6,0.0,0.0,-0.0,0.0,0.0,-0.6,0.1,-0.2,1.0,-0.1,-0.1,0.1,1018,24.6
6,0.0,0.0,-0.0,0.0,0.0,0.0,0.1,-0.2,1.0,-0.1,-0.1,0.1,1018,24.6
6,0.0,0.0,0.0,0.0,0.0,0.4,0.1,-0.2,1.0,-0.1,-0.1,0.1,1018,24.6
6,0.0,0.0,0.1,0.0,0.0,0.3,0.1,-0.2,1.0,-0.1,-0.1,0.1,1018,24.6
7,0.0,0.0,0.1,0.0,0.0,0.5,0.1,-0.2,1.0,-0.1,-0.1,0.1,1018,24.6
7,0.0,0.0,0.1,0.0,0.0,0.1,0.1,-0.2,1.0,-0.1,-0.1,0.1,1018,24.6
7,0.0,0.0,0.0,0.0,0.0,-0.8,0.1,-0.2,1.0,-0.1,-0.1,0.1,1018,24.6
7,0.0,0.0,-0.0,0.0,0.0,-0.6,0.1,-0.2,1.0,-0.1,-0.1,0.1,1018,24.6
7,0.0,0.0,-0.0,0.0,0.0,-0.1,0.1,-0.2,1.0,-0.1,-0.1,0.1,1018,24.6
7,0.0,0.0,-0.0,0.0,0.0,0.1,0.1,-0.2,1.0,-0.1,-0.1,0.1,1018,24.6
7,0.0,0.0,0.0,0.0,0.0,0.6,0.1,-0.2,1.0,-0.1,-0.1,0.1,1018,24.6
7,0.0,0.0,0.1,0.0,0.0,0.3,0.1,-0.2,1.0,-0.1,-0.1,0.1,1018,24.6
8,0.0,0.0,0.1,0.0,0.0,-0.2,0.1,-0.2,1.0,-0.1,-0.1,0.1,1018,24.6
8,0.0,0.0,0.0,0.0,0.0,-0.1,0.1,-0.2,1.0,-0.1,-0.1,0.1,1018,24.6
8,0.0,0.0,-0.0,0.0,0.0,-0.7,0.1,-0.2,1.0,-0.1,-0.1,0.1,1018,24.5
8,0.0,0.0,-0.1,0.0,0.0,-0.2,0.1,-0.2,1.0,-0.1,-0.1,0.1,1018,24.5
8,0.0,0.0,-0.1,0.0,0.0,-0.2,0.1,-0.2,1.0,-0.1,-0.1,0.1,1018,24.5
8,0.0,0.0,-0.1,0.0,0.0,0.3,0.1,-0.2,1.0,-0.1,-0.1,0.1,1018,24.5
8,0.0,0.0,-0.0,0.0,0.0,0.3,0.1,-0.2,1.0,-0.1,-0.1,0.2,1018,24.5
8,0.0,0.0,0.0,0.0,0.0,0.5,0.1,-0.2,1.0,-0.1,-0.1,0.2,1018,24.5
9,0.0,0.0,0.1,0.0,0.0,0.3,0.1,-0.2,1.0,-0.1,-0.1,0.2,1018,24.5
9,0.0,0.0,0.1,0.0,0.0,0.1,0.1,-0.2,1.0,-0.1,-0.1,0.2,1018,24.5
9,0.0,0.0,0.0,0.0,0.0,-0.7,0.1,-0.2,1.0,-0.1,-0.1,0.2,1018,24.4
9,0.0,0.0,0.0,0.0,0.0,0.3,0.1,-0.2,1.0,-0.1,-0.1,0.2,1018,24.4
9,0.0,0.0,0.1,0.0,0.0,0.7,0.1,-0.2,1.0,-0.1,-0.1,0.2,1018,24.4
9,0.0,0.0,0.1,0.0,0.0,0.3,0.1,-0.2,1.0,-0.1,-0.1,0.2,1018,24.4
9,0.0,0.0,0.1,0.0,0.0,-0.1,0.1,-0.2,1.0,-0.1,-0.1,0.2,1018,24.5
9,0.0,0.0,0.1,0.0,0.0,-0.5,0.1,-0.2,1.0,-0.1,-0.1,0.1,1018,24.5
10,0.0,0.0,0.1,0.0,0.0,0.2,0.1,-0.2,1.0,-0.1,-0.1,0.1,1018,24.5
10,0.0,0.0,0.1,0.0,0.0,0.1,0.1,-0.2,1.0,-0.1,-0.1,0.2,1018,24.5
10,0.0,0.0,0.1,0.0,0.0,-0.5,0.1,-0.2,1.0,-0.1,-0.1,0.2,1018,24.4
10,0.0,0.0,0.1,0.0,0.0,0.0,0.1,-0.2,1.0,-0.1,-0.1,0.2,1018,24.4
10,0.0,0.0,0.1,0.0,0.0,0.0,0.1,-0.2,1.0,-0.1,-0.1,0.2,1018,24.4
10,0.0,0.0,0.1,0.0,0.0,0.0,0.1,-0.2,1.0,-0.1,-0.1,0.2,1018,24.4
10,0.0,0.0,0.0,0.0,0.0,-0.2,0.1,-0.2,1.0,-0.1,-0.1,0.2,1018,24.4
10,0.0,0.0,0.1,0.0,0.0,0.4,0.1,-0.2,1.0,-0.1,-0.1,0.2,1018,24.4
11,0.0,0.0,0.1,0.0,0.0,0.1,0.1,-0.2,1.0,-0.1,-0.1,0.2,1018,24.4
11,0.0,0.0,0.1,0.0,0.0,0.2,0.1,-0.2,1.0,-0.1,-0.1,0.2,1018,24.4
11,0.0,0.0,-0.0,0.0,0.0,-1.2,0.1,-0.2,1.0,-0.1,-0.1,0.2,1018,24.4
11,0.0,0.0,-0.0,0.0,0.0,-0.1,0.1,-0.2,1.0,-0.1,-0.1,0.2,1018,24.4
11,0.0,0.0,0.0,0.0,0.0,0.3,0.1,-0.2,1.0,-0.1,-0.1,0.2,1018,24.4
11,0.0,0.0,0.0,0.0,0.0,0.0,0.1,-0.2,1.0,-0.1,-0.1,0.2,1018,24.4
11,0.0,0.0,0.0,0.0,0.0,0.0,0.1,-0.2,1.0,-0.1,-0.1,0.2,1018,24.4
11,0.0,0.0,0.1,0.0,0.0,0.6,0.1,-0.2,1.0,-0.1,-0.1,0.2,1018,24.4
12,0.0,0.0,0.0,0.0,0.0,-0.5,0.1,-0.2,1.0,-0.1,-0.1,0.2,1018,24.4
12,0.0,0.0,0.1,0.0,0.0,0.2,0.1,-0.2,1.0,-0.0,-0.1,0.2,1018,24.4
12,0.0,0.0,0.0,0.0,0.0,-0.4,0.1,-0.2,1.0,-0.0,-0.1,0.2,1018,24.3
12,0.0,0.0,-0.0,0.0,0.0,-0.3,0.1,-0.2,1.0,-0.1,-0.1,0.2,1018,24.3
12,0.0,0.0,0.0,0.0,0.0,0.6,0.1,-0.2,1.0,-0.1,-0.1,0.2,1018,24.3
12,0.0,0.0,0.1,0.0,0.0,0.7,0.1,-0.2,1.0,-0.1,-0.1,0.2,1018,24.3
12,0.0,0.0,0.0,0.0,0.0,-0.6,0.1,-0.2,1.0,-0.1,-0.1,0.1,1018,24.3
13,0.0,0.0,0.1,0.0,0.0,0.4,0.1,-0.2,1.0,-0.1,-0.1,0.1,1018,24.3
13,0.0,0.0,0.1,0.0,0.0,0.1,0.1,-0.2,1.0,-0.1,-0.1,0.1,1018,24.3
13,0.0,0.0,0.1,0.0,0.0,0.0,0.1,-0.2,1.0,-0.1,-0.1,0.1,1018,24.3
13,0.0,0.0,-0.0,0.0,0.0,-1.0,0.1,-0.2,1.0,-0.1,-0.1,0.1,1018,24.3
13,0.0,0.0,0.0,0.0,0.0,0.2,0.1,-0.2,1.0,-0.1,-0.1,0.1,1018,24.3
13,0.0,0.0,0.1,0.0,0.0,0.4,0.1,-0.2,1.0,-0.1,-0.1,0.1,1018,24.3
13,0.0,0.0,0.1,0.0,0.0,0.0,0.1,-0.2,1.0,-0.1,-0.1,0.1,1018,24.3
13,0.0,0.0,0.1,0.0,0.0,0.3,0.1,-0.2,1.0,-0.1,-0.1,0.1,1018,24.3
14,0.0,0.0,0.1,0.0,0.0,0.4,0.1,-0.2,1.0,-0.1,-0.1,0.1,1018,24.3
14,0.0,0.0,0.1,0.0,0.0,0.1,0.1,-0.2,1.0,-0.1,-0.1,0.1,1018,24.3
14,0.0,0.0,0.1,0.0,0.0,-0.2,0.1,-0.2,1.0,-0.1,-0.1,0.1,1018,24.3
14,0.0,0.0,0.0,0.0,0.0,-0.8,0.1,-0.2,1.0,-0.1,-0.1,0.1,1018,24.2
14,0.0,0.0,0.0,0.0,0.0,-0.1,0.1,-0.2,1.0,-0.1,-0.1,0.1,1018,24.2
14,0.0,0.0,0.0,0.0,0.0,0.0,0.1,-0.2,1.0,-0.1,-0.1,0.1,1018,24.2
14,0.0,0.0,0.0,0.0,0.0,0.3,0.1,-0.2,1.0,-0.1,-0.1,0.1,1018,24.2
14,0.0,0.0,0.0,0.0,0.0,0.0,0.1,-0.2,1.0,-0.0,-0.1,0.1,1018,24.2
15,0.0,0.0,-0.0,0.0,0.0,-0.4,0.1,-0.2,1.0,-0.1,-0.1,0.1,1018,24.2
15,0.0,0.0,0.1,0.0,0.0,0.6,0.1,-0.2,1.0,-0.1,-0.1,0.1,1018,24.2
15,0.0,0.0,0.1,0.0,0.0,0.2,0.1,-0.2,1.0,-0.1,-0.1,0.1,1018,24.2
15,0.0,0.0,0.1,0.0,0.0,-0.3,0.1,-0.2,1.0,-0.0,-0.1,0.2,1018,24.2
15,0.0,0.0,-0.0,0.0,0.0,-0.6,0.1,-0.2,1.0,-0.0,-0.1,0.2,1018,24.2
15,0.0,0.0,0.0,0.0,0.0,0.3,0.1,-0.2,1.0,-0.0,-0.1,0.2,1018,24.2
15,0.0,0.0,0.1,0.0,0.0,0.3,0.1,-0.2,1.0,-0.0,-0.1,0.2,1018,24.2
15,0.0,0.0,0.1,0.0,0.0,0.0,0.1,-0.2,1.0,-0.0,-0.1,0.2,1018,24.2
16,0.0,0.0,0.0,0.0,0.0,-0.4,0.1,-0.2,1.0,-0.0,-0.1,0.2,1018,24.2
16,0.0,0.0,0.1,0.0,0.0,0.5,0.1,-0.2,1.0,-0.0,-0.1,0.2,1018,24.2
16,0.0,0.0,0.1,0.0,0.0,0.0,0.1,-0.2,1.0,-0.0,-0.1,0.1,1018,24.2
16,0.0,0.0,-0.0,0.0,0.0,-0.8,0.1,-0.2,1.0,-0.0,-0.1,0.1,1018,24.2
16,0.0,0.0,-0.0,0.0,0.0,0.1,0.1,-0.2,1.0,-0.0,-0.1,0.1,1018,24.2
16,0.0,0.0,-0.0,0.0,0.0,0.0,0.1,-0.2,1.0,-0.0,-0.1,0.2,1018,24.2
16,0.0,0.0,0.1,0.0,0.0,0.6,0.1,-0.2,1.0,-0.0,-0.1,0.1,1018,24.2
16,0.0,0.0,0.0,0.0,0.0,-0.4,0.1,-0.2,1.0,-0.0,-0.2,0.1,1018,24.2
17,0.0,0.0,0.1,0.0,0.0,0.6,0.1,-0.2,1.0,-0.0,-0.1,0.2,1018,24.2
17,0.0,0.0,0.1,0.0,0.0,0.0,0.1,-0.2,1.0,-0.0,-0.1,0.1,1018,24.2
17,0.0,0.0,0.1,0.0,0.0,-0.1,0.1,-0.2,1.0,-0.0,-0.1,0.1,1018,24.2
17,0.0,0.0,-0.0,0.0,0.0,-0.7,0.1,-0.2,1.0,-0.0,-0.1,0.1,1018,24.1
17,0.0,0.0,0.0,0.0,0.0,0.5,0.1,-0.2,1.0,-0.0,-0.1,0.1,1018,24.1
17,0.0,0.0,-0.0,0.0,0.0,-0.3,0.1,-0.2,1.0,-0.0,-0.1,0.1,1018,24.1
17,0.0,0.0,0.0,0.0,0.0,0.1,0.1,-0.2,1.0,-0.0,-0.1,0.1,1018,24.1
17,0.0,0.0,0.1,0.0,0.0,0.4,0.1,-0.2,1.0,-0.0,-0.1,0.1,1018,24.1
18,0.0,0.0,0.1,0.0,0.0,0.1,0.1,-0.2,1.0,-0.0,-0.1,0.1,1018,24.1
18,0.0,0.0,0.0,0.0,0.0,-0.3,0.1,-0.2,1.0,-0.0,-0.2,0.2,1018,24.1
18,0.0,0.0,0.1,0.0,0.0,0.2,0.1,-0.2,1.0,-0.0,-0.2,0.1,1018,24.1
18,0.0,0.0,-0.0,0.0,0.0,-0.7,0.1,-0.2,1.0,-0.0,-0.2,0.1,1018,24.1
18,0.0,0.0,0.0,0.0,0.0,0.3,0.1,-0.2,1.0,-0.0,-0.2,0.1,1018,24.1
18,0.0,0.0,0.0,0.0,0.0,-0.3,0.1,-0.2,1.0,-0.0,-0.2,0.1,1018,24.1
18,0.0,0.0,-0.0,0.0,0.0,-0.1,0.1,-0.2,1.0,-0.0,-0.2,0.1,1018,24.1
18,0.0,0.0,0.0,0.0,0.0,0.2,0.1,-0.2,1.0,-0.0,-0.2,0.1,1018,24.1
19,0.0,0.0,-0.0,0.0,0.0,-0.2,0.1,-0.2,1.0,-0.0,-0.2,0.1,1018,24.1
19,0.0,0.0,0.1,0.0,0.0,0.5,0.1,-0.2,1.0,-0.0,-0.2,0.1,1018,24.1
19,0.0,0.0,0.0,0.0,0.0,-0.0,0.1,-0.2,1.0,-0.0,-0.2,0.1,1018,24.1
19,0.0,0.0,-0.0,0.0,0.0,-0.7,0.1,-0.2,1.0,-0.0,-0.2,0.1,1018,24.1
19,0.0,0.0,-0.1,0.0,0.0,-0.5,0.1,-0.2,1.0,-0.0,-0.2,0.1,1018,24.1
19,0.0,0.0,0.0,0.0,0.0,0.7,0.1,-0.2,1.0,-0.0,-0.1,0.1,1018,24.1
19,0.0,0.0,-0.0,0.0,0.0,-0.3,0.1,-0.2,1.0,-0.0,-0.1,0.1,1018,24.1
19,0.0,0.0,-0.0,0.0,0.0,0.2,0.1,-0.2,1.0,-0.0,-0.1,0.1,1018,24.1
20,0.0,0.0,-0.1,0.0,0.0,-0.6,0.1,-0.2,1.0,-0.0,-0.1,0.1,1018,24.1
20,0.0,0.0,-0.0,0.0,0.0,0.4,0.1,-0.2,1.0,-0.0,-0.1,0.1,1018,24.1
20,0.0,0.0,0.0,0.0,0.0,0.2,0.1,-0.2,1.0,-0.0,-0.1,0.1,1018,24.1
20,0.0,0.0,-0.0,0.0,0.0,-0.6,0.1,-0.2,1.0,0.0,-0.1,0.1,1018,24.0
20,0.0,0.0,-0.1,0.0,0.0,-0.3,0.1,-0.2,1.0,0.0,-0.1,0.1,1018,24.0
20,0.0,0.0,-0.1,0.0,0.0,-0.3,0.1,-0.2,1.0,0.0,-0.1,0.1,1018,24.0
20,0.0,0.0,0.0,0.0,0.0,1.0,0.1,-0.2,1.0,0.0,-0.1,0.1,1018,24.0
20,0.0,0.0,0.0,0.0,0.0,0.2,0.1,-0.2,1.0,0.0,-0.1,0.1,1018,24.0
21,0.0,0.0,0.0,0.0,0.0,-0.2,0.1,-0.2,1.0,-0.0,-0.1,0.1,1018,24.0
21,0.0,0.0,0.0,0.0,0.0,0.0,0.1,-0.2,1.0,0.0,-0.1,0.1,1018,24.0
21,0.0,0.0,0.0,0.0,0.0,0.0,0.1,-0.2,1.0,-0.0,-0.1,0.0,1018,24.0
21,0.0,0.0,-0.0,0.0,0.0,-0.2,0.1,-0.2,1.0,-0.0,-0.1,0.0,1018,24.0
21,0.0,0.0,-0.1,0.0,0.0,-0.3,0.1,-0.2,1.0,-0.0,-0.1,0.0,1018,24.0
21,0.0,0.0,-0.0,0.0,0.0,0.4,0.1,-0.2,1.0,-0.0,-0.1,0.0,1018,24.0
21,0.0,0.0,0.0,0.0,0.0,0.3,0.1,-0.2,1.0,-0.0,-0.1,0.1,1018,24.0
21,0.0,0.0,0.0,0.0,0.0,0.2,0.1,-0.2,1.0,-0.0,-0.1,0.1,1018,24.0
22,0.0,0.0,-0.0,0.0,0.0,-0.4,0.1,-0.2,1.0,-0.0,-0.1,0.1,1018,24.0
22,0.0,0.0,-0.1,0.0,0.0,-0.4,0.1,-0.2,1.0,-0.0,-0.1,0.1,1018,24.0
22,0.0,0.0,-0.1,0.0,0.0,-0.1,0.1,-0.2,1.0,-0.0,-0.1,0.1,1018,24.0
22,0.0,0.0,-0.1,0.0,0.0,-0.4,0.1,-0.2,1.0,-0.0,-0.1,0.1,1018,23.9
22,0.0,0.0,-0.2,0.0,0.0,-0.3,0.1,-0.2,1.0,-0.0,-0.1,0.1,1018,23.9
22,0.0,0.0,-0.1,0.0,0.0,0.6,0.1,-0.2,1.0,-0.0,-0.1,0.1,1018,23.9
22,0.0,0.0,-0.1,0.0,0.0,0.0,0.1,-0.2,1.0,-0.0,-0.1,0.1,1018,23.9
23,0.0,0.0,-0.1,0.0,0.0,-0.3,0.1,-0.2,1.0,-0.0,-0.1,0.1,1018,24.0
23,0.0,0.0,-0.1,0.0,0.0,0.3,0.1,-0.2,1.0,-0.0,-0.1,0.1,1018,24.0
23,0.0,0.0,-0.1,0.0,0.0,0.2,0.1,-0.2,1.0,-0.0,-0.1,0.1,1018,24.0
23,0.0,0.0,-0.1,0.0,0.0,0.0,0.1,-0.2,1.0,-0.0,-0.1,0.1,1018,24.0
23,0.0,0.0,-0.1,0.0,0.0,0.1,0.1,-0.2,1.0,-0.0,-0.1,0.1,1018,23.9
23,0.0,0.0,-0.1,0.0,0.0,0.1,0.1,-0.2,1.0,-0.0,-0.1,0.1,1018,23.9
23,0.0,0.0,-0.0,0.0,0.0,0.2,0.1,-0.2,1.0,-0.0,-0.1,0.1,1018,23.9
23,0.0,0.0,-0.1,0.0,0.0,-0.6,0.1,-0.2,1.0,-0.0,-0.1,0.1,1018,23.9
24,0.0,0.0,-0.1,0.0,0.0,-0.1,0.1,-0.2,1.0,-0.0,-0.1,0.1,1018,23.9
24,0.0,0.0,-0.1,0.0,0.0,0.1,0.1,-0.2,1.0,-0.0,-0.1,0.1,1018,23.9
24,0.0,0.0,-0.1,0.0,0.0,0.5,0.1,-0.2,1.0,-0.0,-0.1,0.1,1018,23.9
24,0.0,0.0,-0.0,0.0,0.0,0.1,0.1,-0.2,1.0,-0.0,-0.1,0.1,1018,23.9
24,0.0,0.0,-0.1,0.0,0.0,-0.8,0.1,-0.2,1.0,-0.0,-0.1,0.1,1018,23.9
24,0.0,0.0,-0.1,0.0,0.0,-0.1,0.1,-0.2,1.0,-0.0,-0.1,0.1,1018,23.9
24,0.0,0.0,-0.2,0.0,0.0,-0.1,0.1,-0.2,1.0,-0.0,-0.1,0.1,1018,23.9
24,0.0,0.0,-0.1,0.0,0.0,0.2,0.1,-0.2,1.0,-0.0,-0.1,0.1,1018,23.9
25,0.0,0.0,-0.1,0.0,0.0,0.5,0.1,-0.2,1.0,-0.0,-0.1,0.1,1018,23.9
25,0.0,0.0,-0.1,0.0,0.0,0.1,0.1,-0.2,1.0,-0.0,-0.1,0.1,1018,23.9
25,0.0,0.0,-0.1,0.0,0.0,0.0,0.1,-0.2,1.0,-0.0,-0.1,0.1,1018,23.9
25,0.0,0.0,0.0,0.0,0.0,0.4,0.1,-0.2,1.0,-0.0,-0.1,0.1,1018,23.9
25,0.0,0.0,-0.1,0.0,0.0,-0.9,0.1,-0.2,1.0,-0.0,-0.1,0.1,1018,23.9
25,0.0,0.0,-0.1,0.0,0.0,-0.6,0.1,-0.2,1.0,0.0,-0.1,0.1,1018,23.9
25,0.0,0.0,-0.2,0.0,0.0,-0.4,0.1,-0.2,1.0,0.0,-0.1,0.1,1018,23.9
25,0.0,0.0,-0.2,0.0,0.0,-0.1,0.1,-0.2,1.0,0.0,-0.1,0.1,1018,23.9
26,0.0,0.0,-0.2,0.0,0.0,0.4,0.1,-0.2,1.0,0.0,-0.1,0.1,1018,23.9
26,0.0,0.0,-0.1,0.0,0.0,0.7,0.1,-0.2,1.0,-0.0,-0.1,0.1,1018,23.9
26,0.0,0.0,-0.1,0.0,0.0,0.2,0.1,-0.2,1.0,0.0,-0.1,0.1,1018,23.9
26,0.0,0.0,-0.1,0.0,0.0,-0.1,0.1,-0.2,1.0,-0.0,-0.1,0.1,1018,23.9
26,0.0,0.0,-0.1,0.0,0.0,-0.2,0.1,-0.2,1.0,-0.0,-0.1,0.1,1018,23.8
26,0.0,0.0,-0.1,0.0,0.0,0.1,0.1,-0.2,1.0,-0.0,-0.1,0.1,1018,23.8
26,0.0,0.0,-0.1,0.0,0.0,0.1,0.1,-0.2,1.0,-0.0,-0.1,0.1,1018,23.8
26,0.0,0.0,-0.1,0.0,0.0,0.2,0.1,-0.2,1.0,-0.0,-0.1,0.1,1018,23.8
27,0.0,0.0,-0.1,0.0,0.0,0.0,0.1,-0.2,1.0,0.0,-0.1,0.1,1018,23.8
27,0.0,0.0,-0.1,0.0,0.0,0.0,0.1,-0.2,1.0,-0.0,-0.1,0.1,1018,23.8
27,0.0,0.0,-0.1,0.0,0.0,-0.1,0.1,-0.2,1.0,0.0,-0.1,0.1,1018,23.8
27,0.0,0.0,-0.0,0.0,0.0,0.3,0.1,-0.2,1.0,0.0,-0.1,0.0,1018,23.8
27,0.0,0.0,-0.1,0.0,0.0,-1.0,0.1,-0.2,1.0,0.0,-0.1,0.0,1018,23.8
27,0.0,0.0,-0.2,0.0,0.0,-0.2,0.1,-0.2,1.0,0.0,-0.1,0.0,1018,23.8
27,0.0,0.0,-0.1,0.0,0.0,0.7,0.1,-0.2,1.0,0.0,-0.1,0.0,1018,23.8
27,0.0,0.0,-0.1,0.0,0.0,0.3,0.1,-0.2,1.0,0.0,-0.1,0.0,1018,23.8
28,0.0,0.0,-0.0,0.0,0.0,0.1,0.1,-0.2,1.0,0.0,-0.1,0.0,1018,23.8
28,0.0,0.0,-0.0,0.0,0.0,0.3,0.1,-0.2,1.0,0.0,-0.1,0.1,1018,23.8
28,0.0,0.0,-0.1,0.0,0.0,-0.6,0.1,-0.2,1.0,0.0,-0.1,0.1,1018,23.8
28,0.0,0.0,-0.1,0.0,0.0,-0.1,0.1,-0.2,1.0,0.0,-0.1,0.0,1018,23.8
28,0.0,0.0,-0.1,0.0,0.0,-0.3,0.1,-0.2,1.0,0.0,-0.1,0.0,1018,23.7
28,0.0,0.0,-0.2,0.0,0.0,-0.5,0.1,-0.2,1.0,0.0,-0.1,0.0,1018,23.7
28,0.0,0.0,-0.2,0.0,0.0,-0.2,0.1,-0.2,1.0,0.0,-0.1,0.1,1018,23.7
28,0.0,0.0,-0.2,0.0,0.0,0.1,0.1,-0.2,1.0,0.0,-0.1,0.1,1018,23.8
29,0.0,0.0,-0.1,0.0,0.0,0.5,0.1,-0.2,1.0,0.0,-0.1,0.1,1018,23.8
29,0.0,0.0,-0.1,0.0,0.0,0.3,0.1,-0.2,1.0,0.0,-0.1,0.1,1018,23.8
29,0.0,0.0,-0.1,0.0,0.0,0.4,0.1,-0.2,1.0,0.0,-0.1,0.0,1018,23.8
29,0.0,0.0,-0.0,0.0,0.0,0.1,0.1,-0.2,1.0,0.0,-0.1,0.1,1018,23.8
29,0.0,0.0,-0.1,0.0,0.0,-0.7,0.1,-0.2,1.0,0.0,-0.1,0.1,1018,23.7
29,0.0,0.0,-0.1,0.0,0.0,0.1,0.1,-0.2,1.0,0.0,-0.1,0.1,1018,23.7
29,0.0,0.0,-0.1,0.0,0.0,0.4,0.1,-0.2,1.0,0.0,-0.1,0.1,1018,23.7
29,0.0,0.0,-0.0,0.0,0.0,0.4,0.1,-0.2,1.0,0.0,-0.1,0.1,1018,23.7
30,0.0,0.0,-0.0,0.0,0.0,0.0,0.1,-0.2,1.0,0.0,-0.1,0.1,1018,23.7
30,0.0,0.0,-0.1,0.0,0.0,-0.5,0.1,-0.2,1.0,0.1,-0.1,0.1,1018,23.7
30,0.0,0.0,-0.1,0.0,0.0,-0.4,0.1,-0.2,1.0,0.0,-0.1,0.1,1018,23.7
30,0.0,0.0,-0.1,0.0,0.0,0.0,0.1,-0.2,1.0,0.0,-0.1,0.1,1018,23.7
30,0.0,0.0,-0.2,0.0,0.0,-1.0,0.1,-0.2,1.0,0.0,-0.1,0.1,1018,23.6
30,0.0,0.0,-0.2,0.0,0.0,0.1,0.1,-0.2,1.0,0.1,-0.1,0.0,1018,23.6
30,0.0,0.0,-0.2,0.0,0.0,-0.1,0.1,-0.2,1.0,0.1,-0.1,0.1,1018,23.6
30,0.0,0.0,-0.1,0.0,0.0,0.7,0.1,-0.2,1.0,0.0,-0.1,0.1,1018,23.6
31,0.0,0.0,-0.1,0.0,0.0,0.0,0.1,-0.2,1.0,0.0,-0.1,0.1,1018,23.6
31,0.0,0.0,-0.0,0.0,0.0,0.9,0.1,-0.2,1.0,0.0,-0.1,0.1,1018,23.6
31,0.0,0.0,-0.0,0.0,0.0,0.1,0.1,-0.2,1.0,0.1,-0.1,0.1,1018,23.6
31,0.0,0.0,-0.0,0.0,0.0,0.0,0.1,-0.2,1.0,0.1,-0.1,0.1,1018,23.6
31,0.0,0.0,-0.1,0.0,0.0,-0.9,0.1,-0.2,1.0,0.1,-0.1,0.1,1018,23.6
31,0.0,0.0,-0.1,0.0,0.0,-0.1,0.1,-0.2,1.0,0.1,-0.1,0.1,1018,23.6
31,0.0,0.0,-0.1,0.0,0.0,0.0,0.1,-0.2,1.0,0.1,-0.1,0.1,1018,23.6
31,0.0,0.0,-0.1,0.0,0.0,0.4,0.1,-0.2,1.0,0.1,-0.1,0.1,1018,23.6
32,0.0,0.0,-0.1,0.0,0.0,-0.1,0.1,-0.2,1.0,0.1,-0.1,0.1,1018,23.6
32,0.0,0.0,-0.1,0.0,0.0,0.0,0.1,-0.2,1.0,0.1,-0.1,0.1,1018,23.6
32,0.0,0.0,-0.0,0.0,0.0,0.4,0.1,-0.2,1.0,0.1,-0.1,0.1,1018,23.5
32,0.0,0.0,-0.1,0.0,0.0,-0.0,0.1,-0.2,1.0,0.1,-0.1,0.1,1018,23.5
32,0.0,0.0,-0.1,0.0,0.0,-0.6,0.1,-0.2,1.0,0.1,-0.1,0.1,1018,23.5
32,0.0,0.0,-0.1,0.0,0.0,-0.2,0.1,-0.2,1.0,0.1,-0.1,0.1,1018,23.5
32,0.0,0.0,-0.1,0.0,0.0,0.5,0.1,-0.2,1.0,0.1,-0.1,0.1,1018,23.5
32,0.0,0.0,-0.0,0.0,0.0,0.5,0.1,-0.2,1.0,0.1,-0.1,0.1,1018,23.5
33,0.0,0.0,-0.0,0.0,0.0,0.3,0.1,-0.2,1.0,0.1,-0.1,0.1,1018,23.5
33,0.0,0.0,-0.1,0.0,0.0,-0.5,0.1,-0.2,1.0,0.1,-0.1,0.1,1018,23.4
33,0.0,0.0,-0.1,0.0,0.0,0.0,0.1,-0.2,1.0,0.1,-0.1,0.1,1018,23.4
33,0.0,0.0,-0.1,0.0,0.0,0.0,0.1,-0.2,1.0,0.1,-0.1,0.1,1018,23.4
33,0.0,0.0,-0.1,0.0,0.0,-0.7,0.1,-0.2,1.0,0.1,-0.1,0.1,1018,23.4
33,0.0,0.0,-0.2,0.0,0.0,-0.3,0.1,-0.2,1.0,0.1,-0.1,0.1,1018,23.4
33,0.0,0.0,-0.2,0.0,0.0,0.0,0.1,-0.2,1.0,0.1,-0.1,0.1,1018,23.4
33,0.0,0.0,-0.2,0.0,0.0,0.1,0.1,-0.2,1.0,0.1,-0.1,0.1,1018,23.4
34,0.0,0.0,-0.2,0.0,0.0,-0.1,0.1,-0.2,1.0,0.1,-0.1,0.1,1018,23.4
34,0.0,0.0,-0.1,0.0,0.0,0.4,0.1,-0.2,1.0,0.1,-0.1,0.1,1018,23.4
34,0.0,0.0,-0.1,0.0,0.0,0.0,0.1,-0.2,1.0,0.1,-0.1,0.1,1018,23.4
34,0.0,0.0,-0.2,0.0,0.0,-0.1,0.1,-0.2,1.0,0.1,-0.1,0.2,1018,23.3
34,0.0,0.0,-0.2,0.0,0.0,-0.6,0.1,-0.2,1.0,0.1,-0.1,0.2,1018,23.3
34,0.0,0.0,-0.2,0.0,0.0,0.4,0.1,-0.2,1.0,0.1,-0.1,0.2,1018,23.3
34,0.0,0.0,-0.2,0.0,0.0,0.2,0.1,-0.2,1.0,0.1,-0.1,0.2,1018,23.3
34,0.0,0.0,-0.1,0.0,0.0,0.5,0.1,-0.2,1.0,0.1,-0.1,0.2,1018,23.3
35,0.0,0.0,-0.1,0.0,0.0,0.5,0.1,-0.2,1.0,0.1,-0.1,0.2,1018,23.3
35,0.0,0.0,-0.1,0.0,0.0,-0.4,0.1,-0.2,1.0,0.1,-0.1,0.2,1018,23.3
35,0.0,0.0,-0.2,0.0,0.0,-0.4,0.1,-0.2,1.0,0.1,-0.1,0.2,1018,23.3
35,0.0,0.0,-0.1,0.0,0.0,0.0,0.1,-0.2,1.0,0.1,-0.1,0.2,1018,23.3
35,0.0,0.0,-0.3,0.0,0.0,-1.3,0.1,-0.2,1.0,0.1,-0.1,0.2,1018,23.3
35,0.0,0.0,-0.2,0.0,0.0,0.5,0.1,-0.2,1.0,0.1,-0.1,0.2,1018,23.2
35,0.0,0.0,-0.2,0.0,0.0,0.3,0.1,-0.2,1.0,0.1,-0.1,0.2,1018,23.3
35,0.0,0.0,-0.2,0.0,0.0,-0.3,0.1,-0.2,1.0,0.2,-0.1,0.2,1018,23.3
36,0.0,0.0,-0.2,0.0,0.0,0.6,0.1,-0.2,1.0,0.2,-0.1,0.2,1018,23.3
36,0.0,0.0,-0.1,0.0,0.0,0.2,0.1,-0.2,1.0,0.1,-0.1,0.2,1018,23.3
36,0.0,0.0,-0.1,0.0,0.0,0.1,0.1,-0.2,1.0,0.2,-0.1,0.3,1018,23.3
36,0.0,0.0,-0.1,0.0,0.0,-0.0,0.1,-0.2,1.0,0.2,-0.1,0.2,1018,23.3
36,0.0,0.0,-0.2,0.0,0.0,-0.6,0.1,-0.2,1.0,0.2,-0.1,0.2,1018,23.2
36,0.0,0.0,-0.2,0.0,0.0,-0.1,0.1,-0.2,1.0,0.2,-0.1,0.2,1018,23.2
36,0.0,0.0,-0.2,0.0,0.0,-0.3,0.1,-0.2,1.0,0.2,-0.1,0.2,1018,23.2
37,0.0,0.0,-0.2,0.0,0.0,0.3,0.1,-0.2,1.0,0.2,-0.1,0.2,1018,23.2
37,0.0,0.0,-0.2,0.0,0.0,0.1,0.1,-0.2,1.0,0.2,-0.1,0.2,1018,23.2
37,0.0,0.0,-0.2,0.0,0.0,0.1,0.1,-0.2,1.0,0.2,-0.1,0.2,1018,23.2
37,0.0,0.0,-0.2,0.0,0.0,-0.1,0.1,-0.2,1.0,0.2,-0.1,0.2,1018,23.2
37,0.0,0.0,-0.2,0.0,0.0,0.0,0.1,-0.2,1.0,0.2,-0.1,0.2,1018,23.2
37,0.0,0.0,-0.3,0.0,0.0,-0.7,0.1,-0.2,1.0,0.2,-0.1,0.2,1018,23.2
37,0.0,0.0,-0.2,0.0,0.0,0.4,0.1,-0.2,1.0,0.2,-0.1,0.2,1018,23.2
37,0.0,0.0,-0.2,0.0,0.0,0.1,0.1,-0.2,1.0,0.2,-0.1,0.2,1018,23.2
38,0.0,0.0,-0.2,0.0,0.0,0.5,0.1,-0.2,1.0,0.2,-0.1,0.2,1018,23.2
38,0.0,0.0,-0.2,0.0,0.0,0.0,0.1,-0.2,1.0,0.2,-0.1,0.2,1018,23.2
38,0.0,0.0,-0.2,0.0,0.0,0.0,0.1,-0.2,1.0,0.2,-0.1,0.2,1018,23.2
38,0.0,0.0,-0.2,0.0,0.0,-0.3,0.1,-0.2,1.0,0.2,-0.1,0.2,1018,23.2
38,0.0,0.0,-0.2,0.0,0.0,-0.0,0.1,-0.2,1.0,0.2,-0.1,0.2,1018,23.2
38,0.0,0.0,-0.3,0.0,0.0,-0.6,0.1,-0.2,1.0,0.2,-0.1,0.2,1018,23.2
38,0.0,0.0,-0.2,0.0,0.0,0.3,0.1,-0.2,1.0,0.2,-0.1,0.2,1018,23.2
38,0.0,0.0,-0.2,0.0,0.0,0.7,0.1,-0.2,1.0,0.2,-0.1,0.2,1018,23.2
39,0.0,0.0,-0.2,0.0,0.0,-0.1,0.1,-0.2,1.0,0.2,-0.1,0.2,1018,23.2
39,0.0,0.0,-0.1,0.0,0.0,0.7,0.1,-0.2,1.0,0.2,-0.1,0.3,1018,23.2
39,0.0,0.0,-0.1,0.0,0.0,0.3,0.1,-0.2,1.0,0.2,-0.1,0.3,1018,23.2
39,0.0,0.0,-0.1,0.0,0.0,-0.2,0.1,-0.2,1.0,0.2,-0.1,0.3,1018,23.2
39,0.0,0.0,-0.1,0.0,0.0,0.0,0.1,-0.2,1.0,0.2,-0.2,0.3,1018,23.2
39,0.0,0.0,-0.2,0.0,0.0,-1.2,0.1,-0.2,1.0,0.2,-0.2,0.3,1018,23.2
39,0.0,0.0,-0.2,0.0,0.0,-0.1,0.1,-0.2,1.0,0.2,-0.1,0.3,1018,23.1
39,0.0,0.0,-0.3,0.0,0.0,-0.1,0.1,-0.2,1.0,0.2,-0.1,0.3,1018,23.2
40,0.0,0.0,-0.2,0.0,0.0,0.1,0.1,-0.2,1.0,0.2,-0.1,0.3,1018,23.2
40,0.0,0.0,-0.3,0.0,0.0,-0.1,0.1,-0.2,1.0,0.2,-0.1,0.3,1018,23.2
40,0.0,0.0,-0.2,0.0,0.0,0.5,0.1,-0.2,1.0,0.2,-0.1,0.3,1018,23.2
40,0.0,0.0,-0.2,0.0,0.0,0.0,0.1,-0.2,1.0,0.2,-0.1,0.3,1018,23.2
40,0.0,0.0,-0.2,0.0,0.0,-0.1,0.1,-0.2,1.0,0.2,-0.1,0.3,1018,23.2
40,0.0,0.0,-0.3,0.0,0.0,-1.1,0.1,-0.2,1.0,0.2,-0.1,0.3,1018,23.1
40,0.0,0.0,-0.3,0.0,0.0,0.6,0.1,-0.2,1.0,0.2,-0.1,0.3,1018,23.1
40,0.0,0.0,-0.3,0.0,0.0,0.1,0.1,-0.2,1.0,0.2,-0.1,0.3,1018,23.1
41,0.0,0.0,-0.3,0.0,0.0,0.0,0.1,-0.2,1.0,0.2,-0.1,0.3,1018,23.1
41,0.0,0.0,-0.3,0.0,0.0,0.1,0.1,-0.2,1.0,0.2,-0.1,0.3,1018,23.1
41,0.0,0.0,-0.2,0.0,0.0,0.1,0.1,-0.2,1.0,0.2,-0.1,0.3,1018,23.1
41,0.0,0.0,-0.2,0.0,0.0,0.2,0.1,-0.2,1.0,0.2,-0.1,0.3,1018,23.1
41,0.0,0.0,-0.2,0.0,0.0,0.0,0.1,-0.2,1.0,0.2,-0.1,0.3,1018,23.1
41,0.0,0.0,-0.3,0.0,0.0,-1.1,0.1,-0.2,1.0,0.2,-0.1,0.3,1018,23.1
41,0.0,0.0,-0.3,0.0,0.0,0.1,0.1,-0.2,1.0,0.2,-0.1,0.3,1018,23.1
41,0.0,0.0,-0.3,0.0,0.0,-0.1,0.1,-0.2,1.0,0.2,-0.2,0.3,1018,23.1
42,0.0,0.0,-0.3,0.0,0.0,0.3,0.1,-0.2,1.0,0.2,-0.2,0.3,1018,23.1
42,0.0,0.0,-0.3,0.0,0.0,0.1,0.1,-0.2,1.0,0.2,-0.2,0.3,1018,23.1
42,0.0,0.0,-0.3,0.0,0.0,0.2,0.1,-0.2,1.0,0.2,-0.2,0.3,1018,23.1
42,0.0,0.0,-0.3,0.0,0.0,0.2,0.1,-0.2,1.0,0.2,-0.2,0.3,1018,23.1
42,0.0,0.0,-0.2,0.0,0.0,0.1,0.1,-0.2,1.0,0.2,-0.2,0.3,1018,23.1
42,0.0,0.0,-0.3,0.0,0.0,-0.7,0.1,-0.2,1.0,0.2,-0.2,0.3,1018,23.1
42,0.0,0.0,-0.4,0.0,0.0,-0.4,0.1,-0.2,1.0,0.2,-0.2,0.3,1018,23.0
42,0.0,0.0,-0.3,0.0,0.0,0.1,0.1,-0.2,1.0,0.2,-0.2,0.3,1018,23.0
43,0.0,0.0,-0.3,0.0,0.0,0.4,0.1,-0.2,1.0,0.3,-0.2,0.3,1018,23.0
43,0.0,0.0,-0.4,0.0,0.0,-0.7,0.1,-0.2,1.0,0.2,-0.2,0.3,1018,23.1
43,0.0,0.0,-0.4,0.0,0.0,0.2,0.1,-0.2,1.0,0.3,-0.2,0.3,1018,23.1
43,0.0,0.0,-0.3,0.0,0.0,0.7,0.1,-0.2,1.0,0.3,-0.2,0.3,1018,23.1
43,0.0,0.0,-0.3,0.0,0.0,-0.1,0.1,-0.2,1.0,0.3,-0.2,0.3,1018,23.1
43,0.0,0.0,-0.3,0.0,0.0,-0.3,0.1,-0.2,1.0,0.3,-0.2,0.3,1018,23.0
43,0.0,0.0,-0.4,0.0,0.0,-0.5,0.1,-0.2,1.0,0.3,-0.2,0.3,1018,23.0
43,0.0,0.0,-0.3,0.0,0.0,0.7,0.1,-0.2,1.0,0.3,-0.2,0.3,1018,23.0
44,0.0,0.0,-0.4,0.0,0.0,-0.3,0.1,-0.2,1.0,0.3,-0.2,0.3,1018,23.0
44,0.0,0.0,-0.3,0.0,0.0,0.4,0.1,-0.2,1.0,0.3,-0.2,0.3,1018,23.0
44,0.0,0.0,-0.3,0.0,0.0,0.2,0.1,-0.2,1.0,0.3,-0.2,0.4,1018,23.0
44,0.0,0.0,-0.3,0.0,0.0,-0.2,0.1,-0.2,1.0,0.3,-0.2,0.4,1018,23.0
44,0.0,0.0,-0.3,0.0,0.0,0.0,0.1,-0.2,1.0,0.3,-0.2,0.3,1018,23.0
44,0.0,0.0,-0.4,0.0,0.0,-0.6,0.1,-0.2,1.0,0.3,-0.2,0.3,1018,23.0
44,0.0,0.0,-0.3,0.0,0.0,0.3,0.1,-0.2,1.0,0.3,-0.2,0.3,1018,23.0
44,0.0,0.0,-0.4,0.0,0.0,-0.4,0.1,-0.2,1.0,0.3,-0.2,0.3,1018,23.0
45,0.0,0.0,-0.3,0.0,0.0,0.2,0.1,-0.2,1.0,0.3,-0.2,0.3,1018,23.0
45,0.0,0.0,-0.3,0.0,0.0,0.1,0.1,-0.2,1.0,0.3,-0.2,0.3,1018,23.0
45,0.0,0.0,-0.3,0.0,0.0,0.5,0.1,-0.2,1.0,0.3,-0.2,0.3,1018,23.0
45,0.0,0.0,-0.3,0.0,0.0,0.2,0.1,-0.2,1.0,0.3,-0.2,0.3,1018,23.0
45,0.0,0.0,-0.3,0.0,0.0,-0.0,0.1,-0.2,1.0,0.3,-0.2,0.3,1018,23.0
45,0.0,0.0,-0.4,0.0,0.0,-0.9,0.1,-0.2,1.0,0.3,-0.2,0.4,1018,22.9
45,0.0,0.0,-0.3,0.0,0.0,0.1,0.1,-0.2,1.0,0.3,-0.2,0.4,1018,22.9
45,0.0,0.0,-0.3,0.0,0.0,0.1,0.1,-0.2,1.0,0.4,-0.2,0.4,1018,22.9
46,0.0,0.0,-0.4,0.0,0.0,-0.3,0.1,-0.2,1.0,0.4,-0.2,0.4,1018,22.9
46,0.0,0.0,-0.4,0.0,0.0,0.1,0.1,-0.2,1.0,0.4,-0.1,0.4,1018,22.9
46,0.0,0.0,-0.4,0.0,0.0,-0.2,0.1,-0.2,1.0,0.4,-0.1,0.4,1018,22.9
46,0.0,0.0,-0.3,0.0,0.0,0.6,0.1,-0.2,1.0,0.4,-0.1,0.4,1018,23.0
46,0.0,0.0,-0.3,0.0,0.0,0.0,0.1,-0.2,1.0,0.4,-0.1,0.4,1018,23.0
46,0.0,0.0,-0.4,0.0,0.0,-1.1,0.1,-0.2,1.0,0.4,-0.1,0.4,1018,22.9
46,0.0,0.0,-0.4,0.0,0.0,0.5,0.1,-0.2,1.0,0.4,-0.1,0.4,1018,22.9
46,0.0,0.0,-0.3,0.0,0.0,0.4,0.1,-0.2,1.0,0.4,-0.1,0.4,1018,22.9
47,0.0,0.0,-0.3,0.0,0.0,0.1,0.1,-0.2,1.0,0.4,-0.1,0.4,1018,22.9
47,0.0,0.0,-0.3,0.0,0.0,0.4,0.1,-0.2,1.0,0.4,-0.1,0.4,1018,22.9
47,0.0,0.0,-0.3,0.0,0.0,-0.1,0.1,-0.2,1.0,0.4,-0.1,0.4,1018,22.9
47,0.0,0.0,-0.3,0.0,0.0,-0.1,0.1,-0.2,1.0,0.4,-0.1,0.4,1018,22.9
47,0.0,0.0,-0.3,0.0,0.0,0.0,0.1,-0.2,1.0,0.4,-0.1,0.5,1018,22.9
47,0.0,0.0,-0.4,0.0,0.0,-0.8,0.1,-0.2,1.0,0.4,-0.1,0.4,1018,22.9
47,0.0,0.0,-0.4,0.0,0.0,0.1,0.1,-0.2,1.0,0.4,-0.1,0.4,1018,22.9
47,0.0,0.0,-0.4,0.0,0.0,0.2,0.1,-0.2,1.0,0.4,-0.1,0.4,1018,22.9
48,0.0,0.0,-0.4,0.0,0.0,-0.3,0.1,-0.2,1.0,0.4,-0.1,0.4,1018,22.9
48,0.0,0.0,-0.3,0.0,0.0,0.8,0.1,-0.2,1.0,0.4,-0.1,0.4,1018,22.9
48,0.0,0.0,-0.3,0.0,0.0,0.4,0.1,-0.2,1.0,0.4,-0.1,0.4,1018,22.9
48,0.0,0.0,-0.2,0.0,0.0,0.4,0.1,-0.2,1.0,0.4,-0.1,0.4,1018,22.9
48,0.0,0.0,-0.2,0.0,0.0,0.2,0.1,-0.2,1.0,0.5,-0.1,0.4,1018,22.9
48,0.0,0.0,-0.3,0.0,0.0,-1.2,0.1,-0.2,1.0,0.5,-0.1,0.4,1018,22.8
48,0.0,0.0,-0.3,0.0,0.0,-0.1,0.1,-0.2,1.0,0.5,-0.1,0.4,1018,22.8
48,0.0,0.0,-0.3,0.0,0.0,0.2,0.1,-0.2,1.0,0.4,-0.1,0.4,1018,22.8
49,0.0,0.0,-0.3,0.0,0.0,-0.3,0.1,-0.2,1.0,0.5,-0.1,0.4,1018,22.8
49,0.0,0.0,-0.3,0.0,0.0,0.2,0.1,-0.2,1.0,0.5,-0.1,0.5,1018,22.8
49,0.0,0.0,-0.4,0.0,0.0,-0.4,0.1,-0.2,1.0,0.5,-0.1,0.5,1018,22.8
49,0.0,0.0,-0.3,0.0,0.0,0.4,0.1,-0.2,1.0,0.5,-0.1,0.5,1018,22.8
49,0.0,0.0,-0.3,0.0,0.0,0.0,0.1,-0.2,1.0,0.5,-0.1,0.5,1018,22.8
49,0.0,0.0,-0.4,0.0,0.0,-1.1,0.1,-0.2,1.0,0.5,-0.1,0.4,1018,22.8
49,0.0,0.0,-0.4,0.0,0.0,0.3,0.1,-0.2,1.0,0.5,-0.1,0.5,1018,22.8
49,0.0,0.0,-0.4,0.0,0.0,0.2,0.1,-0.2,1.0,0.5,-0.1,0.5,1018,22.8
50,0.0,0.0,-0.4,0.0,0.0,0.2,0.1,-0.2,1.0,0.5,-0.1,0.5,1018,22.8
50,0.0,0.0,-0.3,0.0,0.0,0.3,0.1,-0.2,1.0,0.5,-0.1,0.5,1018,22.8
50,19452275.9,-4090401.9,-0.3,181796970.8,-38228054.8,0.2,0.1,-0.2,1.0,0.5,-0.1,0.5,1018,22.8
50,19452275.9,-4090401.9,-0.3,0.0,0.0,-0.1,0.1,-0.2,1.0,0.5,-0.1,0.5,1018,22.8
50,19452275.9,-4090401.9,-0.3,0.0,0.0,0.0,0.1,-0.2,1.0,0.5,-0.1,0.5,1018,22.8
50,19452275.9,-4090401.9,-0.4,0.0,0.0,-0.7,0.1,-0.2,1.0,0.5,-0.1,0.5,1018,22.7
50,19452275.9,-4090401.9,-0.4,0.0,0.0,-0.5,0.1,-0.2,1.0,0.5,-0.1,0.5,1018,22.7
50,19452275.9,-4090401.9,-0.4,0.0,0.0,0.2,0.1,-0.2,1.0,0.4,-0.1,0.5,1018,22.7
51,19452275.9,-4090401.9,-0.4,0.0,0.0,-0.1,0.1,-0.2,1.0,0.5,-0.1,0.5,1018,22.7
51,19452275.9,-4090401.9,-0.4,0.0,0.0,0.2,0.1,-0.2,1.0,0.5,-0.1,0.5,1018,22.7
51,19452275.8,-4090402.3,-0.4,-1.1,-4.4,0.2,0.1,-0.2,1.0,0.4,-0.1,0.5,1018,22.7
51,19452275.8,-4090402.3,-0.3,0.0,0.0,0.4,0.1,-0.2,1.0,0.5,-0.1,0.5,1018,22.7
51,19452275.8,-4090402.3,-0.3,0.0,0.0,0.2,0.1,-0.2,1.0,0.5,-0.1,0.5,1018,22.7
51,19452275.8,-4090402.3,-0.4,0.0,0.0,-0.9,0.1,-0.2,1.0,0.5,-0.1,0.5,1018,22.7
51,19452275.8,-4090402.3,-0.4,0.0,0.0,-0.3,0.1,-0.2,1.0,0.5,-0.1,0.5,1018,22.7
52,19452275.8,-4090402.3,-0.4,0.0,0.0,0.2,0.1,-0.2,1.0,0.5,-0.1,0.5,1018,22.7
52,19452275.8,-4090402.3,-0.4,0.0,0.0,0.2,0.1,-0.2,1.0,0.5,-0.1,0.5,1018,22.7
52,19452275.7,-4090402.4,-0.4,-0.9,-0.9,0.0,0.1,-0.2,1.0,0.5,-0.1,0.5,1018,22.7
52,19452275.7,-4090402.4,-0.4,0.0,0.0,0.2,0.1,-0.2,1.0,0.5,-0.1,0.5,1018,22.7
52,19452275.7,-4090402.4,-0.4,0.0,0.0,-0.1,0.1,-0.2,1.0,0.5,-0.1,0.5,1018,22.7
52,19452275.7,-4090402.4,-0.4,0.0,0.0,-0.1,0.1,-0.2,1.0,0.5,-0.1,0.5,1018,22.7
52,19452275.7,-4090402.4,-0.5,0.0,0.0,-0.8,0.1,-0.2,1.0,0.5,-0.1,0.5,1018,22.7
52,19452275.7,-4090402.4,-0.5,0.0,0.0,0.0,0.1,-0.2,1.0,0.5,-0.1,0.5,1018,22.7
53,19452275.7,-4090402.4,-0.5,0.0,0.0,0.1,0.1,-0.2,1.0,0.5,-0.1,0.5,1018,22.7
53,19452275.7,-4090402.4,-0.5,0.0,0.0,0.4,0.1,-0.2,1.0,0.5,-0.1,0.5,1018,22.7
53,19452275.7,-4090402.5,-0.4,0.0,-1.0,0.8,0.1,-0.2,1.0,0.5,-0.1,0.4,1018,22.7
53,19452275.7,-4090402.5,-0.4,0.0,0.0,0.0,0.1,-0.2,1.0,0.5,-0.1,0.4,1018,22.7
53,19452275.7,-4090402.5,-0.4,0.0,0.0,0.0,0.1,-0.2,1.0,0.5,-0.1,0.5,1018,22.7
53,19452275.7,-4090402.5,-0.3,0.0,0.0,0.2,0.1,-0.2,1.0,0.5,-0.1,0.5,1018,22.7
53,19452275.7,-4090402.5,-0.4,0.0,0.0,-1.1,0.1,-0.2,1.0,0.5,-0.1,0.4,1018,22.6
53,19452275.7,-4090402.5,-0.4,0.0,0.0,0.1,0.1,-0.2,1.0,0.5,-0.1,0.4,1018,22.6
54,19452275.7,-4090402.5,-0.4,0.0,0.0,-0.2,0.1,-0.2,1.0,0.5,-0.1,0.4,1018,22.6
54,19452275.7,-4090402.5,-0.4,0.0,0.0,-0.1,0.1,-0.2,1.0,0.5,-0.1,0.4,1018,22.7
54,19452275.7,-4090402.5,-0.4,0.0,0.0,0.1,0.1,-0.2,1.0,0.5,-0.1,0.4,1018,22.7
54,19452275.1,-4090403.0,-0.4,-5.5,-4.4,0.2,0.1,-0.2,1.0,0.5,-0.1,0.4,1018,22.7
54,19452275.1,-4090403.0,-0.4,0.0,0.0,-0.2,0.1,-0.2,1.0,0.5,-0.1,0.4,1018,22.7
54,19452275.1,-4090403.0,-0.5,0.0,0.0,-0.2,0.1,-0.2,1.0,0.5,-0.1,0.4,1018,22.7
54,19452275.1,-4090403.0,-0.5,0.0,0.0,-0.5,0.1,-0.2,1.0,0.6,-0.1,0.4,1018,22.6
54,19452275.1,-4090403.0,-0.5,0.0,0.0,-0.2,0.1,-0.2,1.0,0.6,-0.1,0.4,1018,22.6
55,19452275.1,-4090403.0,-0.5,0.0,0.0,0.0,0.1,-0.2,1.0,0.6,-0.1,0.4,1018,22.6
55,19452275.1,-4090403.0,-0.5,0.0,0.0,0.9,0.1,-0.2,1.0,0.6,-0.1,0.5,1018,22.6
55,19452275.1,-4090403.0,-0.5,0.0,0.0,0.0,0.1,-0.2,1.0,0.6,-0.1,0.4,1018,22.6
55,19452274.5,-4090403.5,-0.4,-5.2,-5.2,0.6,0.1,-0.2,1.0,0.6,-0.1,0.4,1018,22.7
55,19452274.5,-4090403.5,-0.4,0.0,0.0,-0.3,0.1,-0.2,1.0,0.6,-0.1,0.5,1018,22.7
55,19452274.5,-4090403.5,-0.4,0.0,0.0,-0.1,0.1,-0.2,1.0,0.6,-0.1,0.5,1018,22.7
55,19452274.5,-4090403.5,-0.5,0.0,0.0,-0.5,0.1,-0.2,1.0,0.6,-0.1,0.5,1018,22.6
55,19452274.5,-4090403.5,-0.5,0.0,0.0,0.2,0.1,-0.2,1.0,0.6,-0.1,0.5,1018,22.6
56,19452274.5,-4090403.5,-0.4,0.0,0.0,0.3,0.1,-0.2,1.0,0.6,-0.1,0.5,1018,22.6
56,19452274.5,-4090403.5,-0.4,0.0,0.0,0.1,0.1,-0.2,1.0,0.6,-0.1,0.5,1018,22.6
56,19452274.1,-4090403.8,-0.4,-4.1,-2.0,0.1,0.1,-0.2,1.0,0.6,-0.1,0.5,1018,22.6
56,19452274.1,-4090403.8,-0.4,0.0,0.0,0.3,0.1,-0.2,1.0,0.6,-0.1,0.4,1018,22.6
56,19452274.1,-4090403.8,-0.4,0.0,0.0,0.0,0.1,-0.2,1.0,0.6,-0.1,0.4,1018,22.6
56,19452274.1,-4090403.8,-0.4,0.0,0.0,0.1,0.1,-0.2,1.0,0.6,-0.0,0.5,1018,22.6
56,19452274.1,-4090403.8,-0.4,0.0,0.0,-0.7,0.1,-0.2,1.0,0.6,-0.0,0.5,1018,22.6
56,19452274.1,-4090403.8,-0.4,0.0,0.0,0.1,0.1,-0.2,1.0,0.6,-0.0,0.4,1018,22.6
57,19452274.1,-4090403.8,-0.5,0.0,0.0,-0.2,0.1,-0.2,1.0,0.6,-0.1,0.5,1018,22.6
57,19452274.1,-4090403.8,-0.4,0.0,0.0,0.3,0.1,-0.2,1.0,0.6,-0.1,0.5,1018,22.6
57,19452273.7,-4090403.4,-0.5,-3.6,2.7,-0.2,0.1,-0.2,1.0,0.6,-0.1,0.4,1018,22.6
57,19452273.7,-4090403.4,-0.4,0.0,0.0,0.4,0.1,-0.2,1.0,0.6,-0.1,0.4,1018,22.6
57,19452273.7,-4090403.4,-0.4,0.0,0.0,0.1,0.1,-0.2,1.0,0.6,-0.1,0.4,1018,22.6
57,19452273.7,-4090403.4,-0.4,0.0,0.0,-0.0,0.1,-0.2,1.0,0.6,-0.1,0.4,1018,22.6
57,19452273.7,-4090403.4,-0.4,0.0,0.0,-0.1,0.1,-0.2,1.0,0.6,-0.1,0.4,1018,22.6
57,19452273.7,-4090403.4,-0.4,0.0,0.0,-0.1,0.1,-0.2,1.0,0.6,-0.1,0.4,1018,22.6
58,19452273.7,-4090403.4,-0.5,0.0,0.0,-0.2,0.1,-0.2,1.0,0.6,-0.1,0.4,1018,22.6
58,19452273.7,-4090403.4,-0.4,0.0,0.0,0.3,0.1,-0.2,1.0,0.6,-0.1,0.4,1018,22.6
58,19452273.2,-4090403.5,-0.4,-4.2,-1.1,0.3,0.1,-0.2,1.0,0.6,-0.1,0.4,1018,22.6
58,19452273.2,-4090403.5,-0.4,0.0,0.0,-0.3,0.1,-0.2,1.0,0.6,-0.1,0.4,1018,22.6
58,19452273.2,-4090403.5,-0.4,0.0,0.0,-0.2,0.1,-0.2,1.0,0.6,-0.1,0.4,1018,22.6
58,19452273.2,-4090403.5,-0.4,0.0,0.0,-0.0,0.1,-0.2,1.0,0.6,-0.1,0.4,1018,22.6
58,19452273.2,-4090403.5,-0.5,0.0,0.0,-0.3,0.1,-0.2,1.0,0.6,-0.1,0.4,1018,22.6
58,19452273.2,-4090403.5,-0.5,0.0,0.0,-0.6,0.1,-0.2,1.0,0.6,-0.1,0.4,1018,22.5
59,19452273.2,-4090403.5,-0.5,0.0,0.0,0.7,0.1,-0.2,1.0,0.7,-0.1,0.4,1018,22.5
59,19452273.2,-4090403.5,-0.5,0.0,0.0,0.1,0.1,-0.2,1.0,0.7,-0.1,0.4,1018,22.6
59,19452272.9,-4090403.8,-0.5,-2.8,-1.9,0.0,0.1,-0.2,1.0,0.7,-0.1,0.4,1018,22.6
59,19452272.9,-4090403.8,-0.5,0.0,0.0,-0.3,0.1,-0.2,1.0,0.7,-0.1,0.5,1018,22.6
59,19452272.9,-4090403.8,-0.4,0.0,0.0,0.4,0.1,-0.2,1.0,0.7,-0.1,0.4,1018,22.5
59,19452272.9,-4090403.8,-0.4,0.0,0.0,0.0,0.1,-0.2,1.0,0.7,-0.0,0.4,1018,22.5
59,19452272.9,-4090403.8,-0.5,0.0,0.0,-0.5,0.1,-0.2,1.0,0.7,-0.0,0.4,1018,22.5
59,19452272.9,-4090403.8,-0.5,0.0,0.0,0.0,0.1,-0.2,1.0,0.7,-0.0,0.4,1018,22.5
60,19452272.9,-4090403.8,-0.5,0.0,0.0,0.3,0.1,-0.2,1.0,0.7,-0.0,0.4,1018,22.5
60,19452272.9,-4090403.8,-0.4,0.0,0.0,0.3,0.1,-0.2,1.0,0.7,-0.0,0.4,1018,22.5
60,19452272.9,-4090403.8,-0.4,0.0,0.0,-0.1,0.1,-0.2,1.0,0.7,-0.0,0.4,1018,22.5
60,19452272.9,-4090403.8,-0.4,0.0,0.0,0.0,0.1,-0.2,1.0,0.7,-0.0,0.4,1018,22.5
60,19452272.9,-4090403.8,-0.5,0.0,0.0,-0.3,0.1,-0.2,1.0,0.7,-0.0,0.4,1018,22.5
60,19452272.9,-4090403.8,-0.4,0.0,0.0,0.1,0.1,-0.2,1.0,0.7,-0.0,0.4,1018,22.5
60,19452272.9,-4090403.8,-0.5,0.0,0.0,-0.6,0.1,-0.2,1.0,0.7,-0.0,0.4,1018,22.5
61,19452272.9,-4090403.8,-0.5,0.0,0.0,0.0,0.1,-0.2,1.0,0.7,-0.0,0.4,1018,22.4
61,19452272.9,-4090403.8,-0.4,0.0,0.0,0.5,0.1,-0.2,1.0,0.7,-0.0,0.4,1018,22.5
61,19452272.9,-4090403.8,-0.4,0.0,0.0,0.6,0.1,-0.2,1.0,0.7,-0.0,0.4,1018,22.5
61,19452272.6,-4090403.6,-0.3,-2.2,1.1,0.4,0.1,-0.2,1.0,0.7,-0.0,0.4,1018,22.5
61,19452272.6,-4090403.6,-0.3,0.0,0.0,0.3,0.1,-0.2,1.0,0.7,-0.0,0.4,1018,22.5
61,19452272.6,-4090403.6,-0.3,0.0,0.0,-0.3,0.1,-0.2,1.0,0.7,-0.0,0.4,1018,22.5
61,19452272.6,-4090403.6,-0.3,0.0,0.0,0.0,0.1,-0.2,1.0,0.7,-0.0,0.4,1018,22.5
61,19452272.6,-4090403.6,-0.4,0.0,0.0,-1.0,0.1,-0.2,1.0,0.7,-0.0,0.4,1018,22.4
62,19452272.6,-4090403.6,-0.5,0.0,0.0,-0.5,0.1,-0.2,1.0,0.7,-0.0,0.5,1018,22.4
62,19452272.6,-4090403.6,-0.5,0.0,0.0,0.4,0.1,-0.2,1.0,0.8,-0.0,0.5,1018,22.4
62,19452272.5,-4090403.9,-0.5,-0.9,-1.9,-0.5,0.1,-0.2,1.0,0.7,-0.0,0.5,1018,22.4
62,19452272.5,-4090403.9,-0.5,0.0,0.0,0.5,0.1,-0.2,1.0,0.8,-0.0,0.5,1018,22.4
62,19452272.5,-4090403.9,-0.5,0.0,0.0,-0.5,0.1,-0.2,1.0,0.8,-0.0,0.5,1018,22.5
62,19452272.5,-4090403.9,-0.5,0.0,0.0,0.4,0.1,-0.2,1.0,0.7,-0.0,0.5,1018,22.5
62,19452272.5,-4090403.9,-0.5,0.0,0.0,0.0,0.1,-0.2,1.0,0.7,0.0,0.5,1018,22.5
62,19452272.5,-4090403.9,-0.5,0.0,0.0,-0.3,0.1,-0.2,1.0,0.7,0.0,0.6,1018,22.4
63,19452272.5,-4090403.9,-0.5,0.0,0.0,-0.2,0.1,-0.2,1.0,0.7,0.0,0.6,1018,22.4
63,19452272.5,-4090403.9,-0.5,0.0,0.0,0.4,0.1,-0.2,1.0,0.7,0.0,0.6,1018,22.4
63,19452272.5,-4090403.9,-0.5,0.0,0.0,0.4,0.1,-0.2,1.0,0.7,0.0,0.6,1018,22.4
63,19452272.4,-4090404.1,-0.4,-1.1,-2.2,0.7,0.1,-0.2,1.0,0.7,0.0,0.6,1018,22.4
63,19452272.4,-4090404.1,-0.4,0.0,0.0,-0.3,0.1,-0.2,1.0,0.7,0.0,0.6,1018,22.4
63,19452272.4,-4090404.1,-0.4,0.0,0.0,0.4,0.1,-0.2,1.0,0.7,0.0,0.6,1018,22.4
63,19452272.4,-4090404.1,-0.4,0.0,0.0,-0.1,0.1,-0.2,1.0,0.7,-0.0,0.6,1018,22.4
63,19452272.4,-4090404.1,-0.5,0.0,0.0,-0.5,0.1,-0.2,1.0,0.7,-0.0,0.6,1018,22.4
64,19452272.4,-4090404.1,-0.5,0.0,0.0,-0.1,0.1,-0.2,1.0,0.7,-0.0,0.6,1018,22.4
64,19452272.4,-4090404.1,-0.5,0.0,0.0,-0.1,0.1,-0.2,1.0,0.7,-0.0,0.6,1018,22.4
64,19452272.3,-4090404.3,-0.5,-1.0,-2.0,0.0,0.1,-0.2,1.0,0.7,0.0,0.6,1018,22.4
64,19452272.3,-4090404.3,-0.5,0.0,0.0,-0.5,0.1,-0.2,1.0,0.7,-0.0,0.6,1018,22.4
64,19452272.3,-4090404.3,-0.5,0.0,0.0,0.1,0.1,-0.2,1.0,0.7,0.0,0.6,1018,22.4
64,19452272.3,-4090404.3,-0.5,0.0,0.0,0.1,0.1,-0.2,1.0,0.7,0.0,0.6,1018,22.4
64,19452272.3,-4090404.3,-0.5,0.0,0.0,-0.1,0.1,-0.2,1.0,0.7,0.0,0.6,1018,22.4
64,19452272.3,-4090404.3,-0.6,0.0,0.0,-0.6,0.1,-0.2,1.0,0.7,0.0,0.6,1018,22.4
65,19452272.3,-4090404.3,-0.6,0.0,0.0,0.2,0.1,-0.2,1.0,0.7,0.0,0.6,1018,22.4
65,19452272.3,-4090404.3,-0.5,0.0,0.0,0.4,0.1,-0.2,1.0,0.7,-0.0,0.6,1018,22.4
65,19452272.5,-4090404.3,-0.5,2.1,0.0,0.2,0.1,-0.2,1.0,0.7,-0.0,0.6,1018,22.4
65,19452272.5,-4090404.3,-0.5,0.0,0.0,0.5,0.1,-0.2,1.0,0.7,-0.0,0.6,1018,22.4
65,19452272.5,-4090404.3,-0.4,0.0,0.0,0.2,0.1,-0.2,1.0,0.7,-0.0,0.6,1018,22.4
65,19452272.5,-4090404.3,-0.4,0.0,0.0,0.5,0.1,-0.2,1.0,0.7,-0.0,0.6,1018,22.4
65,19452272.5,-4090404.3,-0.4,0.0,0.0,-0.1,0.1,-0.2,1.0,0.7,-0.0,0.6,1018,22.4
65,19452272.5,-4090404.3,-0.5,0.0,0.0,-1.0,0.1,-0.2,1.0,0.7,-0.0,0.6,1018,22.3
66,19452272.5,-4090404.3,-0.5,0.0,0.0,-0.1,0.1,-0.2,1.0,0.7,0.0,0.6,1018,22.3
66,19452272.5,-4090404.3,-0.5,0.0,0.0,0.3,0.1,-0.2,1.0,0.7,0.0,0.6,1018,22.3
66,19452272.9,-4090404.1,-0.5,2.7,1.8,0.1,0.1,-0.2,1.0,0.7,0.0,0.6,1018,22.3
66,19452272.9,-4090404.1,-0.5,0.0,0.0,0.0,0.1,-0.2,1.0,0.7,-0.0,0.6,1018,22.3
66,19452272.9,-4090404.1,-0.5,0.0,0.0,-0.2,0.1,-0.2,1.0,0.7,0.0,0.7,1018,22.3
66,19452272.9,-4090404.1,-0.5,0.0,0.0,0.2,0.1,-0.2,1.0,0.7,-0.0,0.7,1018,22.3
66,19452272.9,-4090404.1,-0.5,0.0,0.0,0.0,0.1,-0.2,1.0,0.7,-0.0,0.7,1018,22.3
66,19452272.9,-4090404.1,-0.6,0.0,0.0,-0.9,0.1,-0.2,1.0,0.7,-0.0,0.7,1018,22.3
67,19452272.9,-4090404.1,-0.6,0.0,0.0,-0.1,0.1,-0.2,1.0,0.7,-0.0,0.7,1018,22.2
67,19452272.9,-4090404.1,-0.5,0.0,0.0,0.3,0.1,-0.2,1.0,0.7,-0.0,0.7,1018,22.3
67,19452273.0,-4090403.9,-0.5,1.1,2.2,-0.1,0.1,-0.2,1.0,0.7,-0.0,0.7,1018,22.3
67,19452273.0,-4090403.9,-0.6,0.0,0.0,-0.1,0.1,-0.2,1.0,0.7,-0.0,0.6,1018,22.3
67,19452273.0,-4090403.9,-0.6,0.0,0.0,-0.1,0.1,-0.2,1.0,0.7,-0.0,0.6,1018,22.3
67,19452273.0,-4090403.9,-0.6,0.0,0.0,0.0,0.1,-0.2,1.0,0.7,-0.0,0.6,1018,22.3
67,19452273.0,-4090403.9,-0.6,0.0,0.0,-0.1,0.1,-0.2,1.0,0.8,0.0,0.6,1018,22.3
67,19452273.0,-4090403.9,-0.7,0.0,0.0,-1.1,0.1,-0.2,1.0,0.7,-0.0,0.6,1018,22.2
68,19452273.0,-4090403.9,-0.7,0.0,0.0,0.5,0.1,-0.2,1.0,0.7,-0.0,0.6,1018,22.2
68,19452273.0,-4090403.9,-0.6,0.0,0.0,0.2,0.1,-0.2,1.0,0.8,-0.0,0.6,1018,22.2
68,19452273.0,-4090403.9,-0.6,0.0,0.0,0.4,0.1,-0.2,1.0,0.8,-0.0,0.6,1018,22.2
68,19452273.0,-4090403.9,-0.6,0.0,0.0,0.4,0.1,-0.2,1.0,0.8,-0.0,0.6,1018,22.2
68,19452273.0,-4090403.9,-0.5,0.0,0.0,0.3,0.1,-0.2,1.0,0.8,-0.0,0.6,1018,22.2
68,19452273.0,-4090403.9,-0.5,0.0,0.0,0.5,0.0,-0.2,1.0,0.8,0.0,0.6,1018,22.2
68,19452273.0,-4090403.9,-0.5,0.0,0.0,-0.1,0.1,-0.2,1.0,0.8,0.0,0.7,1018,22.2
68,19452273.0,-4090403.9,-0.6,0.0,0.0,-0.9,0.1,-0.1,1.0,0.8,0.0,0.7,1018,22.2
69,19452273.0,-4090403.9,-0.6,0.0,0.0,0.2,0.1,-0.2,1.0,0.8,-0.0,0.6,1018,22.2
69,19452273.0,-4090403.9,-0.6,0.0,0.0,-0.2,0.0,-0.2,1.0,0.8,0.0,0.6,1018,22.2
69,19452272.9,-4090404.1,-0.6,-1.1,-2.1,0.0,0.1,-0.1,1.0,0.8,-0.0,0.6,1018,22.2
69,19452272.9,-4090404.1,-0.5,0.0,0.0,0.4,0.0,-0.2,1.0,0.8,-0.0,0.6,1018,22.2
69,19452272.9,-4090404.1,-0.5,0.0,0.0,0.0,0.1,-0.1,1.0,0.8,-0.0,0.6,1018,22.2
69,19452272.9,-4090404.1,-0.5,0.0,0.0,0.0,0.1,-0.2,1.0,0.8,-0.0,0.6,1018,22.2
69,19452272.9,-4090404.1,-0.5,0.0,0.0,-0.0,0.1,-0.2,1.0,0.8,0.0,0.6,1018,22.2
70,19452272.9,-4090404.1,-0.7,0.0,0.0,-1.0,0.1,-0.2,1.0,0.8,0.1,0.6,1018,22.1
70,19452272.9,-4090404.1,-0.6,0.0,0.0,0.1,0.1,-0.2,1.0,0.8,0.1,0.6,1018,22.1
70,19452272.9,-4090404.1,-0.7,0.0,0.0,-0.1,0.1,-0.2,1.0,0.8,0.1,0.6,1018,22.2
70,19452273.0,-4090404.1,-0.7,1.1,0.0,-0.1,0.1,-0.2,1.0,0.8,0.1,0.6,1018,22.2
70,19452273.0,-4090404.1,-0.6,0.0,0.0,0.5,0.1,-0.2,1.0,0.8,0.1,0.6,1018,22.2
70,19452273.0,-4090404.1,-0.6,0.0,0.0,0.3,0.1,-0.2,1.0,0.8,0.1,0.6,1018,22.2
70,19452273.0,-4090404.1,-0.5,0.0,0.0,0.5,0.1,-0.2,1.0,0.8,0.1,0.6,1018,22.2
70,19452273.0,-4090404.1,-0.5,0.0,0.0,0.1,0.1,-0.2,1.0,0.8,0.1,0.6,1018,22.2
70,19452273.0,-4090404.1,-0.6,0.0,0.0,-0.9,0.1,-0.2,1.0,0.8,0.1,0.6,1018,22.1
71,19452273.0,-4090404.1,-0.6,0.0,0.0,-0.4,0.1,-0.1,1.0,0.8,0.1,0.6,1018,22.1
71,19452273.0,-4090404.1,-0.6,0.0,0.0,0.3,0.1,-0.2,1.0,0.8,0.2,0.6,1018,22.1
71,19452273.3,-4090403.9,-0.6,3.3,2.2,0.4,0.1,-0.2,1.0,0.8,0.2,0.6,1018,22.1
71,19452273.3,-4090403.9,-0.6,0.0,0.0,-0.1,0.1,-0.2,1.0,0.8,0.2,0.6,1018,22.2
71,19452273.3,-4090403.9,-0.6,0.0,0.0,0.2,0.1,-0.2,1.0,0.8,0.2,0.6,1018,22.2
71,19452273.3,-4090403.9,-0.6,0.0,0.0,-0.2,0.1,-0.2,1.0,0.8,0.2,0.6,1018,22.2
71,19452273.3,-4090403.9,-0.5,0.0,0.0,0.1,0.1,-0.2,1.0,0.8,0.2,0.4,1018,22.2
72,19452273.3,-4090403.9,-0.6,0.0,0.0,-0.5,0.1,-0.2,1.0,0.7,0.1,0.5,1018,22.1
72,19452273.3,-4090403.9,-0.6,0.0,0.0,-0.2,0.1,-0.2,1.0,0.9,0.2,0.4,1018,22.1
72,19452273.4,-4090403.6,-0.7,0.9,1.9,-0.4,0.1,-0.2,1.0,0.9,0.3,0.4,1018,22.1
72,19452273.4,-4090403.6,-0.6,0.0,0.0,0.7,0.1,-0.1,1.0,1.0,0.2,0.4,1018,22.1
72,19452273.4,-4090403.6,-0.6,0.0,0.0,-0.2,0.0,-0.2,1.0,1.0,0.1,0.4,1018,22.1
72,19452273.4,-4090403.6,-0.6,0.0,0.0,0.4,0.1,-0.1,1.0,1.0,0.2,0.5,1018,22.1
72,19452273.4,-4090403.6,-0.5,0.0,0.0,0.5,0.1,-0.2,1.0,1.0,0.2,0.4,1018,22.1
72,19452273.4,-4090403.6,-0.5,0.0,0.0,-0.1,-0.1,0.5,0.1,-37.1,61.1,12.3,1018,22.1
73,19452273.4,-4090403.6,-0.6,0.0,0.0,-0.5,-0.7,-0.1,0.8,-41.8,80.1,0.6,1018,22.1
73,19452273.4,-4090403.6,-0.6,0.0,0.0,0.2,-0.1,-0.8,1.6,-24.1,56.2,-29.3,1018,22.1
73,19452273.7,-4090403.2,-0.6,1.8,3.6,0.1,0.4,0.6,0.5,-16.7,56.5,-21.8,1018,22.1
73,19452273.7,-4090403.2,-0.6,0.0,0.0,0.0,0.1,0.2,0.6,5.1,31.7,-28.3,1018,22.1
73,19452273.7,-4090403.2,-0.6,0.0,0.0,-0.1,0.9,-0.0,0.8,-15.7,20.6,-22.2,1018,22.2
73,19452273.7,-4090403.2,-0.5,0.0,0.0,0.2,0.2,-0.4,1.1,-41.9,45.0,-37.4,1018,22.2
73,19452273.7,-4090403.2,-0.6,0.0,0.0,-0.6,-0.0,-0.6,1.2,-57.5,54.8,-50.2,1018,22.2
73,19452273.7,-4090403.2,-0.6,0.0,0.0,0.1,0.5,-0.4,0.8,-46.4,52.1,-52.4,1018,22.2
74,19452273.7,-4090403.2,-0.7,0.0,0.0,-0.6,0.5,0.0,0.8,-34.1,36.9,-50.4,1018,22.1
74,19452273.7,-4090403.2,-0.7,0.0,0.0,-0.1,0.5,-0.2,1.1,-36.5,37.1,-49.5,1018,22.1
74,19452273.7,-4090403.2,-0.6,0.0,0.0,0.5,0.4,-0.1,1.0,-38.3,35.0,-52.8,1018,22.1
74,19452274.4,-4090402.5,-0.7,6.9,5.9,-0.5,0.4,-0.0,0.8,-41.0,37.7,-57.6,1018,22.2
74,19452274.4,-4090402.5,-0.6,0.0,0.0,0.5,0.5,0.2,0.7,-38.3,32.7,-65.1,1018,22.2
74,19452274.4,-4090402.5,-0.6,0.0,0.0,0.1,0.5,0.1,0.8,-40.2,32.1,-74.2,1018,22.2
74,19452274.4,-4090402.5,-0.6,0.0,0.0,0.4,0.7,0.1,0.8,-43.1,27.6,-81.5,1018,22.2
74,19452274.4,-4090402.5,-0.5,0.0,0.0,0.2,0.5,0.3,0.8,-34.9,14.2,-82.3,1018,22.2
75,19452274.4,-4090402.5,-0.6,0.0,0.0,-0.3,0.7,0.7,0.3,-40.6,17.2,-83.9,1018,22.1
75,19452274.4,-4090402.5,-0.6,0.0,0.0,0.0,0.5,0.2,0.8,-46.6,18.2,-91.6,1018,22.1
75,19452276.1,-4090401.5,-0.6,14.5,8.7,0.0,0.6,0.0,0.9,-51.7,14.6,-95.6,1018,22.1
75,19452276.1,-4090401.5,-0.4,0.0,0.0,1.2,0.6,0.6,0.9,-56.4,10.5,-100.1,1018,22.1
75,19452276.1,-4090401.5,-0.5,0.0,0.0,-0.1,0.4,0.2,0.9,-61.8,13.0,-102.7,1018,22.1
75,19452276.1,-4090401.5,-0.4,0.0,0.0,0.6,0.5,0.3,0.9,-67.0,10.6,-102.6,1018,22.1
75,19452276.1,-4090401.5,-0.4,0.0,0.0,-0.2,0.5,0.2,0.9,-71.9,12.2,-101.7,1018,22.1
75,19452276.1,-4090401.5,-0.4,0.0,0.0,-0.1,0.9,-0.1,0.8,-88.2,24.3,-95.2,1018,22.1
76,19452276.1,-4090401.5,-0.5,0.0,0.0,-0.3,0.8,-0.1,0.7,-97.5,29.2,-93.3,1018,22.1
76,19452276.1,-4090401.5,-0.4,0.0,0.0,0.6,0.7,-0.1,0.5,-104.2,32.6,-92.5,1018,22.1
76,19452277.1,-4090401.4,-0.4,8.6,1.0,0.2,0.6,-0.3,0.6,-110.5,35.2,-96.0,1018,22.1
76,19452277.1,-4090401.4,-0.3,0.0,0.0,0.1,0.4,-0.4,0.7,-112.3,38.7,-101.0,1018,22.1
76,19452277.1,-4090401.4,-0.3,0.0,0.0,0.2,0.4,-0.5,0.7,-113.7,39.0,-107.0,1018,22.1
76,19452277.1,-4090401.4,-0.3,0.0,0.0,-0.1,0.3,-0.6,0.8,-113.5,41.9,-112.0,1018,22.1
76,19452277.1,-4090401.4,-0.3,0.0,0.0,0.1,0.4,-0.5,0.8,-115.8,44.5,-116.7,1018,22.1
76,19452277.1,-4090401.4,-0.4,0.0,0.0,-0.2,0.2,-0.4,0.9,-115.9,51.4,-125.8,1018,22.1
77,19452277.1,-4090401.4,-0.5,0.0,0.0,-1.2,0.2,-0.4,1.1,-116.7,55.2,-128.7,1018,22.1
77,19452277.1,-4090401.4,-0.5,0.0,0.0,-0.2,0.2,-0.5,1.0,-116.8,58.5,-133.2,1018,22.1
77,19452277.2,-4090402.0,-0.5,1.0,-4.9,0.0,0.3,-0.4,0.8,-115.4,65.4,-134.4,1018,22.2
77,19452277.2,-4090402.0,-0.4,0.0,0.0,0.8,0.4,-0.5,0.9,-114.1,68.5,-136.7,1018,22.2
77,19452277.2,-4090402.0,-0.4,0.0,0.0,0.5,0.3,-0.4,0.9,-114.3,71.6,-139.2,1018,22.2
77,19452277.2,-4090402.0,-0.3,0.0,0.0,0.5,0.3,-0.4,0.9,-116.1,72.8,-142.8,1018,22.2
77,19452277.2,-4090402.0,-0.2,0.0,0.0,0.7,0.3,-0.4,1.0,-119.4,74.5,-146.2,1018,22.2
77,19452277.2,-4090402.0,-0.2,0.0,0.0,0.0,0.2,-0.4,0.9,-121.1,75.8,-149.5,1018,22.2
78,19452277.2,-4090402.0,-0.2,0.0,0.0,0.2,0.2,-0.5,0.9,-123.9,79.0,-149.9,1018,22.2
78,19452277.2,-4090402.0,-0.2,0.0,0.0,0.2,0.1,-0.5,0.8,-126.0,80.0,-151.4,1018,22.2
78,19452278.1,-4090402.1,-0.2,8.2,-1.0,0.3,0.1,-0.6,0.8,-127.4,81.5,-152.1,1018,22.2
78,19452278.1,-4090402.1,-0.2,0.0,0.0,0.0,0.2,-0.5,0.8,-129.8,82.3,-151.2,1018,22.2
78,19452278.1,-4090402.1,-0.2,0.0,0.0,-0.1,0.2,-0.6,0.6,-132.2,82.1,-148.7,1018,22.2
78,19452278.1,-4090402.1,-0.1,0.0,0.0,0.4,0.1,-0.6,0.6,-133.3,81.1,-144.7,1018,22.2
78,19452278.1,-4090402.1,0.0,0.0,0.0,1.5,0.0,-0.6,0.7,-133.5,78.4,-140.6,1018,22.2
78,19452278.1,-4090402.1,0.1,0.0,0.0,0.1,0.3,-0.4,0.8,-131.9,71.1,-129.6,1018,22.2
79,19452278.1,-4090402.1,-0.0,0.0,0.0,-0.6,0.2,-0.4,0.9,-130.3,67.3,-124.4,1018,22.2
79,19452278.1,-4090402.1,-0.0,0.0,0.0,-0.1,0.2,-0.4,0.9,-129.1,63.6,-120.3,1018,22.2
79,19452278.9,-4090402.2,0.0,7.1,-1.0,0.3,0.1,-0.4,0.9,-128.0,60.3,-117.1,1018,22.2
79,19452278.9,-4090402.2,0.1,0.0,0.0,0.4,0.0,-0.5,0.9,-127.4,57.4,-115.2,1018,22.2
79,19452278.9,-4090402.2,0.1,0.0,0.0,0.0,0.1,-0.4,0.9,-128.3,55.3,-114.3,1018,22.2
79,19452278.9,-4090402.2,0.0,0.0,0.0,-0.4,0.1,-0.3,1.0,-128.0,53.5,-114.7,1018,22.2
79,19452278.9,-4090402.2,0.1,0.0,0.0,0.4,0.1,-0.3,0.9,-126.8,52.0,-114.4,1018,22.2
80,19452278.9,-4090402.2,0.1,0.0,0.0,0.0,0.2,-0.4,0.9,-126.5,52.3,-124.5,1018,22.2
80,19452278.9,-4090402.2,-0.1,0.0,0.0,-1.3,0.1,-0.5,0.9,-128.1,53.6,-129.9,1018,22.2
80,19452278.9,-4090402.2,-0.2,0.0,0.0,-0.7,0.3,-0.6,0.7,-128.8,57.5,-135.1,1018,22.2
80,19452280.6,-4090401.5,-0.2,15.9,6.4,0.0,0.4,-0.6,0.8,-128.0,58.7,-138.4,1018,22.2
80,19452280.6,-4090401.5,-0.1,0.0,0.0,0.4,0.4,-0.6,0.8,-127.0,57.6,-139.4,1018,22.3
80,19452280.6,-4090401.5,-0.1,0.0,0.0,0.1,0.5,-0.4,0.8,-125.6,58.5,-138.8,1018,22.3
80,19452280.6,-4090401.5,-0.1,0.0,0.0,0.5,0.7,-0.3,0.6,-123.2,60.6,-132.4,1018,22.3
80,19452280.6,-4090401.5,-0.1,0.0,0.0,0.1,0.7,-0.1,0.9,-120.5,56.7,-120.8,1018,22.3
81,19452280.6,-4090401.5,-0.1,0.0,0.0,-0.0,0.3,0.0,1.1,-120.4,40.9,-90.2,1018,22.3
81,19452280.6,-4090401.5,-0.1,0.0,0.0,-0.3,0.1,0.0,1.1,-118.0,36.0,-75.4,1018,22.2
81,19452280.6,-4090401.5,-0.1,0.0,0.0,-0.5,-0.3,0.0,1.2,-118.6,35.7,-69.2,1018,22.2
81,19452280.9,-4090401.4,-0.1,3.3,1.1,0.4,-0.2,-0.1,1.0,-119.0,35.2,-69.7,1018,22.2
81,19452280.9,-4090401.4,-0.1,0.0,0.0,-0.2,0.1,-0.2,1.0,-119.2,36.1,-74.7,1018,22.2
81,19452280.9,-4090401.4,-0.1,0.0,0.0,0.1,0.2,-0.3,1.0,-119.8,37.3,-79.7,1018,22.2
81,19452280.9,-4090401.4,-0.1,0.0,0.0,0.3,0.3,-0.3,0.9,-121.1,39.6,-84.9,1018,22.2
81,19452280.9,-4090401.4,-0.1,0.0,0.0,-0.4,0.2,-0.3,0.9,-122.3,41.5,-89.2,1018,22.2
82,19452280.9,-4090401.4,-0.1,0.0,0.0,0.1,0.2,-0.3,0.9,-124.1,46.8,-99.8,1018,22.3
82,19452280.9,-4090401.4,-0.2,0.0,0.0,-1.2,0.2,-0.3,0.9,-125.1,48.5,-104.8,1018,22.2
82,19452280.9,-4090401.4,-0.2,0.0,0.0,0.0,0.2,-0.4,0.9,-126.2,50.7,-109.8,1018,22.3
82,19452280.7,-4090402.2,-0.2,-2.2,-7.6,0.5,0.3,-0.3,0.9,-127.5,52.6,-115.1,1018,22.3
82,19452280.7,-4090402.2,-0.2,0.0,0.0,-0.1,0.2,-0.3,0.9,-129.1,54.4,-120.7,1018,22.3
82,19452280.7,-4090402.2,-0.2,0.0,0.0,0.1,0.2,-0.3,0.9,-130.9,57.0,-127.6,1018,22.3
82,19452280.7,-4090402.2,-0.2,0.0,0.0,-0.1,0.3,-0.3,0.9,-132.6,58.3,-134.2,1018,22.3
82,19452280.7,-4090402.2,-0.2,0.0,0.0,-0.4,0.3,-0.4,0.9,-133.9,61.1,-141.6,1018,22.3
83,19452280.7,-4090402.2,-0.2,0.0,0.0,-0.0,0.4,-0.4,0.8,-140.3,65.9,-157.8,1018,22.4
83,19452280.7,-4090402.2,-0.4,0.0,0.0,-1.2,0.4,-0.4,0.8,-142.2,69.1,-163.5,1018,22.3
83,19452279.9,-4090403.5,-0.4,-7.6,-13.1,0.0,0.4,-0.4,0.9,-143.8,70.7,-168.5,1018,22.3
83,19452279.9,-4090403.5,-0.4,0.0,0.0,0.2,0.5,-0.6,0.9,-145.3,72.5,-170.5,1018,22.4
83,19452279.9,-4090403.5,-0.3,0.0,0.0,0.5,0.5,-0.6,0.7,-146.6,72.0,-172.1,1018,22.4
83,19452279.9,-4090403.5,-0.3,0.0,0.0,0.0,0.5,-0.6,0.7,-145.6,71.5,-169.8,1018,22.4
83,19452279.9,-4090403.5,-0.2,0.0,0.0,0.5,0.5,-0.5,0.8,-144.7,70.5,-164.8,1018,22.4
83,19452279.9,-4090403.5,-0.2,0.0,0.0,0.0,0.5,-0.4,0.8,-142.8,67.0,-157.9,1018,22.4
84,19452279.9,-4090403.5,-0.2,0.0,0.0,0.3,0.4,-0.3,0.9,-138.4,57.6,-139.0,1018,22.4
84,19452279.9,-4090403.5,-0.2,0.0,0.0,-0.5,0.5,-0.3,0.9,-136.0,52.5,-130.8,1018,22.4
84,19452279.8,-4090403.9,-0.2,-1.0,-3.0,0.5,0.5,-0.2,1.0,-132.9,48.2,-121.8,1018,22.3
84,19452279.8,-4090403.9,-0.1,0.0,0.0,0.8,0.4,-0.2,1.0,-130.6,44.8,-113.1,1018,22.3
84,19452279.8,-4090403.9,-0.1,0.0,0.0,0.2,0.3,-0.2,0.9,-128.6,41.1,-104.6,1018,22.3
84,19452279.8,-4090403.9,0.0,0.0,0.0,0.7,0.3,-0.3,0.9,-126.1,37.8,-97.1,1018,22.3
84,19452279.8,-4090403.9,-0.0,0.0,0.0,-0.1,0.2,-0.3,0.9,-124.3,35.3,-90.1,1018,22.3
84,19452279.8,-4090403.9,-0.0,0.0,0.0,-0.1,0.2,-0.3,0.9,-122.5,31.8,-83.5,1018,22.3
85,19452279.8,-4090403.9,0.0,0.0,0.0,0.1,0.2,-0.4,0.9,-118.4,26.3,-68.8,1018,22.3
85,19452279.8,-4090403.9,-0.1,0.0,0.0,-0.7,0.3,-0.3,0.9,-116.4,23.5,-61.0,1018,22.3
85,19452278.8,-4090403.5,-0.1,-8.6,2.9,0.2,0.2,-0.3,0.8,-114.4,20.3,-52.1,1018,22.2
85,19452278.8,-4090403.5,-0.1,0.0,0.0,0.0,0.3,-0.3,0.9,-111.9,16.2,-43.9,1018,22.2
85,19452278.8,-4090403.5,-0.0,0.0,0.0,0.2,0.3,-0.3,0.9,-110.7,10.1,-33.0,1018,22.2
85,19452278.8,-4090403.5,0.0,0.0,0.0,0.4,0.4,-0.2,1.0,-108.5,5.7,-23.1,1018,22.2
85,19452278.8,-4090403.5,0.0,0.0,0.0,0.3,0.4,-0.2,0.9,-105.5,1.9,-13.2,1018,22.2
85,19452278.8,-4090403.5,0.1,0.0,0.0,0.2,0.4,-0.2,1.0,-103.3,-2.9,-4.9,1018,22.2
86,19452278.8,-4090403.5,-0.0,0.0,0.0,-0.3,0.3,-0.3,0.9,-100.2,-9.7,12.8,1018,22.2
86,19452278.8,-4090403.5,-0.1,0.0,0.0,-1.1,0.3,-0.3,0.9,-98.6,-12.7,21.0,1018,22.2
86,19452277.0,-4090403.2,-0.1,-17.3,3.2,-0.1,0.3,-0.3,0.8,-97.2,-17.1,27.5,1018,22.2
86,19452277.0,-4090403.2,-0.2,0.0,0.0,-0.2,0.2,-0.2,0.9,-94.4,-20.8,33.9,1018,22.2
86,19452277.0,-4090403.2,-0.1,0.0,0.0,0.3,0.2,-0.3,1.0,-91.6,-23.5,40.2,1018,22.2
86,19452277.0,-4090403.2,-0.1,0.0,0.0,0.1,0.2,-0.3,0.9,-89.0,-26.1,47.6,1018,22.2
86,19452277.0,-4090403.2,-0.1,0.0,0.0,0.1,0.2,-0.3,0.9,-86.8,-28.3,54.3,1018,22.2
86,19452277.0,-4090403.2,-0.1,0.0,0.0,0.0,0.2,-0.3,0.9,-85.9,-31.4,60.2,1018,22.2
87,19452277.0,-4090403.2,-0.1,0.0,0.0,-0.1,0.1,-0.3,1.0,-84.7,-38.6,68.1,1018,22.2
87,19452277.0,-4090403.2,-0.3,0.0,0.0,-1.4,0.2,-0.3,1.1,-84.2,-40.5,69.1,1018,22.2
87,19452277.1,-4090404.0,-0.3,1.0,-6.9,-0.1,0.3,-0.2,1.3,-85.2,-40.3,68.6,1018,22.2
87,19452277.1,-4090404.0,-0.2,0.0,0.0,1.0,0.5,-0.5,1.4,-91.5,-35.7,70.6,1018,22.2
87,19452277.1,-4090404.0,-0.1,0.0,0.0,0.6,0.1,-0.5,0.8,-96.5,-26.9,74.3,1018,22.3
87,19452277.1,-4090404.0,-0.1,0.0,0.0,0.1,0.0,-0.6,0.8,-99.1,-19.3,73.3,1018,22.3
87,19452277.1,-4090404.0,-0.0,0.0,0.0,0.9,0.0,-0.5,0.4,-98.1,-10.3,72.5,1018,22.3
87,19452277.1,-4090404.0,-0.0,0.0,0.0,-0.1,-0.1,-0.3,0.5,-96.5,-6.9,68.5,1018,22.3
88,19452277.1,-4090404.0,0.0,0.0,0.0,0.3,0.1,-0.3,0.6,-87.9,-19.7,48.8,1018,22.3
88,19452277.1,-4090404.0,-0.1,0.0,0.0,-1.2,0.1,-0.4,1.0,-82.4,-23.9,38.9,1018,22.2
88,19452276.8,-4090403.8,-0.2,-3.1,2.0,-1.1,0.2,-0.2,1.3,-75.5,-26.1,26.7,1018,22.2
88,19452276.8,-4090403.8,-0.2,0.0,0.0,0.1,0.3,-0.2,1.3,-76.2,-30.0,13.2,1018,22.3
88,19452276.8,-4090403.8,-0.3,0.0,0.0,-0.8,0.5,-0.1,1.2,-77.6,-29.8,-1.2,1018,22.3
88,19452276.8,-4090403.8,-0.4,0.0,0.0,-0.7,0.5,-0.1,1.2,-81.7,-27.8,-13.3,1018,22.3
88,19452276.8,-4090403.8,-0.3,0.0,0.0,0.4,0.8,-0.2,1.1,-88.6,-22.8,-21.4,1018,22.3
88,19452276.8,-4090403.8,-0.4,0.0,0.0,-0.4,0.6,-0.4,1.0,-95.9,-17.4,-22.8,1018,22.3
89,19452276.8,-4090403.8,-0.3,0.0,0.0,0.3,0.3,-0.3,0.5,-107.4,-11.8,-12.7,1018,22.3
89,19452276.8,-4090403.8,-0.3,0.0,0.0,0.3,0.1,-0.3,0.5,-108.5,-12.9,-7.3,1018,22.3
89,19452275.7,-4090403.8,-0.1,-10.8,0.0,1.5,0.1,-0.3,0.5,-105.2,-17.8,-4.9,1018,22.3
89,19452275.7,-4090403.8,-0.0,0.0,0.0,0.5,-0.0,-0.3,0.9,-99.8,-25.1,-1.5,1018,22.3
89,19452275.7,-4090403.8,-0.0,0.0,0.0,0.1,0.1,-0.3,0.9,-91.4,-32.0,1.8,1018,22.3
89,19452275.7,-4090403.8,-0.0,0.0,0.0,0.1,0.3,-0.1,1.0,-83.7,-36.5,6.6,1018,22.3
89,19452275.7,-4090403.8,-0.1,0.0,0.0,-0.5,0.2,-0.1,1.2,-79.0,-40.6,13.2,1018,22.3
89,19452275.7,-4090403.8,-0.2,0.0,0.0,-0.8,0.3,-0.1,1.4,-79.6,-44.8,19.1,1018,22.3
90,19452275.7,-4090403.8,-0.2,0.0,0.0,-0.2,0.3,0.1,0.8,-91.8,-40.8,14.0,1018,22.3
90,19452275.7,-4090403.8,-0.3,0.0,0.0,-0.6,0.2,-0.0,0.7,-95.1,-39.1,6.5,1018,22.2
90,19452274.4,-4090404.1,-0.3,-10.3,-2.8,-0.2,0.4,-0.1,0.9,-96.8,-36.4,-7.0,1018,22.2
90,19452274.4,-4090404.1,-0.3,0.0,0.0,-0.4,0.5,-0.1,1.0,-98.8,-31.6,-21.1,1018,22.3
90,19452274.4,-4090404.1,-0.3,0.0,0.0,0.3,0.6,-0.2,1.1,-101.5,-25.1,-35.1,1018,22.3
90,19452274.4,-4090404.1,-0.3,0.0,0.0,0.2,0.6,-0.2,1.2,-106.1,-19.4,-47.6,1018,22.3
90,19452274.4,-4090404.1,-0.3,0.0,0.0,0.3,0.7,-0.4,1.0,-113.3,-14.3,-55.1,1018,22.3
90,19452274.4,-4090404.1,-0.3,0.0,0.0,-0.3,0.4,-0.4,0.7,-118.4,-9.5,-53.7,1018,22.3
91,19452274.4,-4090404.1,-0.3,0.0,0.0,0.1,0.1,-0.5,0.6,-121.7,-10.3,-44.6,1018,22.3
91,19452274.4,-4090404.1,-0.2,0.0,0.0,0.3,0.1,-0.4,0.6,-120.9,-12.7,-39.9,1018,22.3
91,19452274.3,-4090404.1,-0.1,-1.1,0.0,0.9,-0.1,-0.3,0.7,-118.9,-15.3,-35.3,1018,22.3
91,19452274.3,-4090404.1,-0.1,0.0,0.0,0.5,-0.2,-0.2,0.8,-115.4,-19.6,-32.6,1018,22.3
91,19452274.3,-4090404.1,-0.0,0.0,0.0,0.5,-0.2,-0.1,0.9,-112.3,-25.5,-34.5,1018,22.3
91,19452274.3,-4090404.1,-0.1,0.0,0.0,-0.4,0.1,-0.0,1.0,-111.0,-30.7,-38.3,1018,22.3
91,19452274.3,-4090404.1,-0.1,0.0,0.0,-0.1,0.3,0.1,1.2,-108.3,-31.9,-45.2,1018,22.4
91,19452274.3,-4090404.1,-0.2,0.0,0.0,-1.2,0.7,0.1,1.0,-107.8,-32.8,-52.9,1018,22.4
92,19452274.3,-4090404.1,-0.3,0.0,0.0,-0.2,0.7,0.1,1.1,-106.7,-33.6,-71.7,1018,22.4
92,19452274.3,-4090404.1,-0.4,0.0,0.0,-1.4,0.7,-0.0,1.3,-107.3,-33.0,-75.4,1018,22.3
92,19452275.7,-4090403.6,-0.5,11.8,3.9,-0.4,0.5,-0.1,1.1,-110.1,-30.2,-75.1,1018,22.4
92,19452275.7,-4090403.6,-0.5,0.0,0.0,-0.6,0.6,-0.2,1.1,-112.1,-27.9,-73.3,1018,22.4
92,19452275.7,-4090403.6,-0.5,0.0,0.0,0.2,0.5,-0.2,1.1,-118.8,-22.8,-69.1,1018,22.4
92,19452275.7,-4090403.6,-0.4,0.0,0.0,0.6,0.5,-0.3,1.1,-128.3,-19.2,-59.9,1018,22.4
92,19452275.7,-4090403.6,-0.3,0.0,0.0,1.2,0.3,-0.3,0.8,-135.2,-13.6,-53.5,1018,22.4
92,19452275.7,-4090403.6,-0.3,0.0,0.0,0.5,0.1,-0.5,0.6,-138.2,-8.5,-49.9,1018,22.4
93,19452275.7,-4090403.6,-0.2,0.0,0.0,0.2,-0.1,-0.7,0.5,-151.3,-5.7,-41.3,1018,22.3
93,19452275.7,-4090403.6,-0.1,0.0,0.0,1.2,-0.2,-0.4,0.3,-152.0,-6.0,-38.0,1018,22.3
93,19452276.1,-4090403.2,0.1,3.9,3.9,1.2,-0.4,-0.4,0.5,-148.2,-8.6,-34.1,1018,22.2
93,19452276.1,-4090403.2,0.1,0.0,0.0,0.4,-0.5,-0.4,0.7,-144.6,-12.0,-33.1,1018,22.2
93,19452276.1,-4090403.2,0.1,0.0,0.0,0.4,-0.3,-0.5,0.7,-143.2,-15.9,-32.7,1018,22.3
93,19452276.1,-4090403.2,0.1,0.0,0.0,-0.6,-0.2,-0.5,0.7,-142.0,-20.1,-33.8,1018,22.3
93,19452276.1,-4090403.2,0.0,0.0,0.0,-0.3,-0.2,-0.5,0.8,-141.4,-23.6,-34.7,1018,22.3
93,19452276.1,-4090403.2,-0.0,0.0,0.0,-0.7,-0.0,-0.6,0.7,-140.3,-27.9,-38.1,1018,22.3
94,19452276.1,-4090403.2,-0.1,0.0,0.0,-0.3,0.4,-0.3,0.7,-129.1,-40.4,-47.8,1018,22.3
94,19452274.3,-4090403.3,-0.2,-15.9,-1.0,-1.2,0.4,-0.4,1.0,-117.1,-45.5,-48.9,1018,22.3
94,19452274.3,-4090403.3,-0.3,0.0,0.0,-1.0,0.7,-0.1,1.0,-107.9,-49.7,-47.1,1018,22.4
94,19452274.3,-4090403.3,-0.4,0.0,0.0,-0.3,0.9,-0.3,1.2,-99.6,-54.6,-39.5,1018,22.4
94,19452274.3,-4090403.3,-0.4,0.0,0.0,-0.4,0.8,-0.1,1.3,-93.7,-59.0,-26.7,1018,22.4
94,19452274.3,-4090403.3,-0.5,0.0,0.0,-0.5,0.7,-0.1,0.9,-88.6,-61.2,-17.4,1018,22.4
94,19452274.3,-4090403.3,-0.5,0.0,0.0,-0.6,0.8,-0.0,0.8,-77.1,-59.4,-12.5,1018,22.4
94,19452274.3,-4090403.3,-0.6,0.0,0.0,-0.3,0.8,-0.1,1.1,-73.6,-58.4,0.4,1018,22.4
95,19452274.3,-4090403.3,-0.5,0.0,0.0,0.2,0.3,-0.1,0.9,-96.1,-48.7,8.5,1018,22.4
95,19452273.0,-4090403.5,-0.4,-11.7,-2.0,0.7,0.3,-0.1,0.6,-101.6,-38.8,6.9,1018,22.4
95,19452273.0,-4090403.5,-0.4,0.0,0.0,0.5,0.4,-0.1,0.6,-104.0,-32.9,-1.5,1018,22.4
95,19452273.0,-4090403.5,-0.4,0.0,0.0,0.1,0.4,-0.3,0.6,-104.1,-28.2,-13.5,1018,22.4
95,19452273.0,-4090403.5,-0.4,0.0,0.0,-0.4,0.5,-0.4,0.7,-101.1,-22.6,-26.2,1018,22.4
95,19452273.0,-4090403.5,-0.5,0.0,0.0,-0.5,0.7,-0.6,1.2,-100.6,-26.7,-38.7,1018,22.4
95,19452273.0,-4090403.5,-0.5,0.0,0.0,-0.4,1.0,-0.7,1.2,-103.8,-21.3,-45.1,1018,22.4
95,19452273.0,-4090403.5,-0.5,0.0,0.0,0.1,0.8,-0.6,1.0,-109.8,-13.2,-43.3,1018,22.4
96,19452273.0,-4090403.5,-0.5,0.0,0.0,0.1,0.3,-0.8,0.4,-121.3,-1.6,-27.8,1018,22.4
96,19452272.9,-4090403.3,-0.3,-1.0,1.9,1.6,0.4,-0.5,0.7,-127.9,3.2,-20.7,1018,22.4
96,19452272.9,-4090403.3,-0.2,0.0,0.0,1.2,0.3,-0.4,0.4,-132.5,4.4,-12.9,1018,22.4
96,19452272.9,-4090403.3,0.0,0.0,0.0,1.6,-0.0,-0.4,0.4,-134.4,0.8,-3.1,1018,22.4
96,19452272.9,-4090403.3,0.2,0.0,0.0,1.5,-0.0,-0.4,0.5,-133.6,-5.8,2.8,1018,22.4
96,19452272.9,-4090403.3,0.2,0.0,0.0,0.7,-0.2,-0.5,0.8,-130.5,-13.0,6.2,1018,22.4
96,19452272.9,-4090403.3,0.2,0.0,0.0,0.0,-0.1,-0.8,1.1,-129.2,-20.3,9.0,1018,22.4
96,19452272.9,-4090403.3,0.1,0.0,0.0,-1.0,0.1,-0.7,1.0,-128.7,-21.9,9.5,1018,22.4
97,19452272.9,-4090403.3,0.0,0.0,0.0,-0.4,-0.2,-0.5,0.8,-124.0,-28.0,15.4,1018,22.4
97,19452272.0,-4090403.5,-0.0,-7.7,-1.9,-0.8,-0.0,-0.6,0.9,-121.8,-32.9,20.5,1018,22.4
97,19452272.0,-4090403.5,-0.1,0.0,0.0,-0.4,-0.0,-0.6,0.8,-121.1,-37.0,26.2,1018,22.4
97,19452272.0,-4090403.5,-0.1,0.0,0.0,-0.5,0.1,-0.6,0.8,-118.2,-41.1,33.1,1018,22.4
97,19452272.0,-4090403.5,-0.2,0.0,0.0,-0.4,0.1,-0.5,0.9,-116.1,-46.8,41.2,1018,22.5
97,19452272.0,-4090403.5,-0.2,0.0,0.0,0.3,0.2,-0.3,0.8,-112.6,-53.0,46.9,1018,22.5
97,19452272.0,-4090403.5,-0.1,0.0,0.0,0.3,0.3,-0.2,1.0,-106.9,-58.1,51.4,1018,22.5
97,19452272.0,-4090403.5,-0.2,0.0,0.0,-0.3,0.3,-0.3,1.0,-102.1,-63.0,55.1,1018,22.5
98,19452272.0,-4090403.5,-0.2,0.0,0.0,-0.2,0.5,-0.3,1.0,-94.9,-69.8,61.7,1018,22.5
98,19452270.9,-4090404.0,-0.3,-8.9,-3.6,-0.8,0.5,-0.3,0.9,-89.1,-72.7,68.6,1018,22.5
98,19452270.9,-4090404.0,-0.4,0.0,0.0,-0.4,0.5,-0.2,1.2,-91.0,-74.7,74.8,1018,22.5
98,19452270.9,-4090404.0,-0.4,0.0,0.0,-0.3,0.5,-0.2,0.8,-90.8,-74.7,81.8,1018,22.5
98,19452270.9,-4090404.0,-0.4,0.0,0.0,0.2,0.6,-0.2,0.5,-89.4,-76.9,89.4,1018,22.5
98,19452270.9,-4090404.0,-0.3,0.0,0.0,0.5,0.3,-0.1,0.9,-84.1,-80.2,100.9,1018,22.5
98,19452270.9,-4090404.0,-0.3,0.0,0.0,0.0,0.2,-0.2,1.4,-85.3,-82.6,107.5,1018,22.5
98,19452270.9,-4090404.0,-0.3,0.0,0.0,0.4,0.0,-0.1,1.3,-89.7,-80.1,110.8,1018,22.5
99,19452270.9,-4090404.0,-0.2,0.0,0.0,0.2,0.2,-0.3,0.9,-95.8,-71.5,108.1,1018,22.5
99,19452270.6,-4090404.9,-0.2,-1.8,-7.1,0.0,0.1,-0.3,0.7,-96.9,-65.3,105.4,1018,22.5
99,19452270.6,-4090404.9,-0.2,0.0,0.0,0.4,0.1,-0.3,0.7,-96.5,-62.2,98.8,1018,22.5
99,19452270.6,-4090404.9,-0.2,0.0,0.0,0.1,0.2,-0.3,0.8,-97.8,-61.4,90.0,1018,22.5
99,19452270.6,-4090404.9,-0.2,0.0,0.0,-0.1,0.3,-0.3,0.9,-99.5,-59.6,81.8,1018,22.5
99,19452270.6,-4090404.9,-0.2,0.0,0.0,-0.4,0.4,-0.3,1.0,-100.9,-56.8,71.1,1018,22.5
99,19452270.6,-4090404.9,-0.2,0.0,0.0,0.1,0.5,-0.3,1.1,-103.1,-53.5,60.3,1018,22.5
99,19452270.6,-4090404.9,-0.2,0.0,0.0,0.3,0.6,-0.3,1.0,-105.0,-47.8,49.4,1018,22.5
100,19452270.6,-4090404.9,-0.2,0.0,0.0,-0.1,0.5,-0.3,0.9,-109.3,-38.7,30.7,1018,22.5
100,19452270.4,-4090403.6,-0.4,-2.1,11.4,-1.8,0.6,-0.3,0.8,-111.3,-35.1,22.2,1018,22.5
100,19452270.4,-4090403.6,-0.4,0.0,0.0,-0.1,0.5,-0.3,0.8,-112.9,-31.7,15.1,1018,22.5
100,19452270.4,-4090403.6,-0.4,0.0,0.0,0.2,0.5,-0.3,0.9,-114.3,-28.3,7.3,1018,22.5
100,19452270.4,-4090403.6,-0.4,0.0,0.0,-0.5,0.5,-0.3,0.8,-116.4,-26.6,-0.8,1018,22.5
100,19452270.4,-4090403.6,-0.4,0.0,0.0,0.1,0.4,-0.3,0.9,-117.3,-24.1,-8.9,1018,22.5
100,19452270.4,-4090403.6,-0.4,0.0,0.0,0.2,0.5,-0.3,1.0,-118.5,-21.3,-17.3,1018,22.5
100,19452270.4,-4090403.6,-0.4,0.0,0.0,0.0,0.5,-0.5,1.0,-121.2,-18.2,-25.0,1018,22.5
101,19452270.4,-4090403.6,-0.4,0.0,0.0,0.2,0.5,-0.5,1.0,-132.0,-18.2,-18.7,1018,22.5
101,19452270.9,-4090403.5,-0.4,4.3,1.1,-0.6,0.5,-0.5,0.8,-137.5,-18.3,-12.7,1018,22.5
101,19452270.9,-4090403.5,-0.3,0.0,0.0,0.9,0.3,-0.5,0.7,-142.9,-19.7,-3.4,1018,22.5
101,19452270.9,-4090403.5,-0.2,0.0,0.0,1.0,0.2,-0.5,0.6,-145.9,-22.5,6.4,1018,22.5
101,19452270.9,-4090403.5,-0.1,0.0,0.0,1.0,0.2,-0.4,0.6,-147.2,-27.4,14.0,1018,22.5
101,19452270.9,-4090403.5,-0.0,0.0,0.0,0.7,0.2,-0.5,0.7,-146.1,-32.7,20.1,1018,22.5
101,19452270.9,-4090403.5,0.1,0.0,0.0,0.7,0.2,-0.5,0.8,-144.2,-38.4,24.7,1018,22.5
101,19452270.9,-4090403.5,0.1,0.0,0.0,0.4,0.3,-0.5,0.9,-141.9,-43.5,29.9,1018,22.5
102,19452270.9,-4090403.5,0.1,0.0,0.0,-0.0,0.1,-0.4,0.8,-136.5,-51.1,37.6,1018,22.5
102,19452270.5,-4090404.6,-0.1,-2.8,-9.4,-1.5,0.1,-0.4,0.8,-132.5,-54.5,41.3,1018,22.4
102,19452270.5,-4090404.6,-0.1,0.0,0.0,-0.3,0.1,-0.4,0.9,-129.5,-57.4,44.6,1018,22.5
102,19452270.5,-4090404.6,-0.1,0.0,0.0,0.2,0.2,-0.4,0.9,-127.7,-61.2,48.5,1018,22.5
102,19452270.5,-4090404.6,-0.1,0.0,0.0,-0.2,0.2,-0.4,0.9,-125.4,-65.1,53.1,1018,22.5
102,19452270.5,-4090404.6,-0.1,0.0,0.0,-0.3,0.2,-0.3,0.8,-122.9,-70.5,57.4,1018,22.5
102,19452270.5,-4090404.6,-0.1,0.0,0.0,0.0,0.3,-0.4,0.9,-119.4,-76.3,61.7,1018,22.5
103,19452270.5,-4090404.6,-0.2,0.0,0.0,-0.5,0.4,-0.3,1.0,-115.1,-79.4,68.4,1018,22.5
103,19452270.5,-4090404.6,-0.2,0.0,0.0,-0.2,0.4,-0.2,0.9,-108.1,-89.3,84.2,1018,22.5
103,19452271.2,-4090406.3,-0.4,5.9,-14.8,-1.2,0.4,-0.3,1.0,-104.6,-93.2,90.9,1018,22.5
103,19452271.2,-4090406.3,-0.4,0.0,0.0,-0.3,0.5,-0.3,1.2,-102.9,-95.5,96.8,1018,22.5
103,19452271.2,-4090406.3,-0.4,0.0,0.0,0.0,0.6,-0.3,1.0,-102.5,-96.2,104.8,1018,22.5
103,19452271.2,-4090406.3,-0.4,0.0,0.0,0.3,0.6,-0.3,0.9,-104.5,-96.4,116.0,1018,22.6
103,19452271.2,-4090406.3,-0.4,0.0,0.0,0.3,0.4,-0.4,0.9,-106.7,-97.0,126.7,1018,22.6
103,19452271.2,-4090406.3,-0.2,0.0,0.0,1.3,0.3,-0.5,0.8,-110.3,-98.9,135.9,1018,22.6
104,19452271.2,-4090406.3,-0.1,0.0,0.0,0.6,0.2,-0.5,0.8,-112.3,-100.0,143.9,1018,22.6
104,19452271.5,-4090407.2,-0.1,1.3,-3.6,0.1,0.1,-0.6,0.7,-119.1,-103.6,155.8,1018,22.6
104,19452271.5,-4090407.2,-0.1,0.0,0.0,0.3,0.0,-0.8,0.7,-121.0,-106.8,161.3,1018,22.5
104,19452271.5,-4090407.2,-0.1,0.0,0.0,0.1,0.0,-0.7,0.6,-122.9,-109.9,166.3,1018,22.5
104,19452271.5,-4090407.2,0.0,0.0,0.0,1.0,-0.1,-0.7,0.6,-124.8,-114.6,171.7,1018,22.5
104,19452271.5,-4090407.2,0.0,0.0,0.0,-0.1,-0.1,-0.7,0.5,-124.7,-119.0,176.3,1018,22.4
104,19452271.5,-4090407.2,0.1,0.0,0.0,0.4,-0.1,-0.8,0.6,-126.1,-125.8,180.9,1018,22.4
104,19452271.5,-4090407.2,0.1,0.0,0.0,0.1,-0.0,-0.7,0.7,-125.6,-132.6,187.1,1018,22.4
105,19452271.5,-4090407.2,0.1,0.0,0.0,0.3,-0.1,-0.7,0.7,-123.8,-139.0,193.6,1018,22.4
105,19452271.6,-4090407.3,0.1,0.5,-0.5,0.1,-0.1,-0.6,0.7,-120.9,-153.2,205.3,1018,22.4
105,19452271.6,-4090407.3,0.0,0.0,0.0,-0.9,-0.1,-0.6,0.8,-119.4,-159.3,210.1,1018,22.4
105,19452271.6,-4090407.3,0.0,0.0,0.0,-0.2,-0.1,-0.6,0.8,-118.5,-165.3,213.8,1018,22.4
105,19452271.6,-4090407.3,-0.0,0.0,0.0,-0.4,-0.0,-0.6,0.8,-117.5,-171.2,217.0,1018,22.4
105,19452271.6,-4090407.3,-0.1,0.0,0.0,-0.5,0.1,-0.5,0.9,-116.3,-177.2,218.9,1018,22.4
105,19452271.6,-4090407.3,-0.1,0.0,0.0,0.0,0.2,-0.5,0.8,-112.5,-180.7,221.5,1018,22.4
105,19452271.6,-4090407.3,-0.1,0.0,0.0,0.2,0.3,-0.5,0.9,-108.9,-184.7,223.9,1018,22.5
106,19452271.6,-4090407.3,-0.1,0.0,0.0,-0.5,0.3,-0.4,0.9,-107.8,-191.4,226.9,1018,22.5
106,19452271.0,-4090406.8,-0.2,-2.5,2.1,-0.1,0.4,-0.5,0.7,-91.8,-202.9,236.5,1018,22.5
106,19452271.0,-4090406.8,-0.2,0.0,0.0,-0.3,0.6,-0.4,0.9,-86.3,-207.6,239.1,1018,22.4
106,19452271.0,-4090406.8,-0.3,0.0,0.0,-0.6,0.4,-0.3,1.0,-82.7,-212.5,243.7,1018,22.4
106,19452271.0,-4090406.8,-0.4,0.0,0.0,-1.1,0.3,-0.3,1.1,-80.5,-214.4,245.8,1018,22.4
106,19452271.0,-4090406.8,-0.5,0.0,0.0,-0.6,0.3,-0.2,1.0,-80.1,-215.4,245.2,1018,22.4
106,19452271.0,-4090406.8,-0.4,0.0,0.0,0.4,0.4,-0.2,0.9,-81.2,-215.8,245.9,1018,22.4
106,19452271.0,-4090406.8,-0.4,0.0,0.0,-0.3,0.4,-0.1,0.9,-82.7,-214.4,244.6,1018,22.4
107,19452271.0,-4090406.8,-0.4,0.0,0.0,0.2,0.5,-0.2,0.8,-84.0,-213.2,240.7,1018,22.4
107,19452271.4,-4090406.3,-0.4,1.8,1.8,0.1,0.5,-0.2,0.9,-89.8,-209.2,232.6,1018,22.4
107,19452271.4,-4090406.3,-0.4,0.0,0.0,-0.4,0.5,-0.2,0.9,-91.8,-207.9,230.1,1018,22.3
107,19452271.4,-4090406.3,-0.5,0.0,0.0,-0.3,0.4,-0.2,0.9,-93.0,-207.0,228.3,1018,22.3
107,19452271.4,-4090406.3,-0.4,0.0,0.0,0.5,0.4,-0.2,1.0,-94.2,-205.4,225.8,1018,22.3
107,19452271.4,-4090406.3,-0.4,0.0,0.0,0.0,0.5,-0.2,0.8,-96.3,-204.2,222.1,1018,22.3
107,19452271.4,-4090406.3,-0.4,0.0,0.0,0.1,0.5,-0.3,0.8,-97.7,-201.1,217.9,1018,22.3
107,19452271.4,-4090406.3,-0.4,0.0,0.0,-0.2,0.5,-0.3,0.8,-100.4,-199.3,213.2,1018,22.3
108,19452271.4,-4090406.3,-0.3,0.0,0.0,0.8,0.5,-0.3,0.8,-103.2,-198.0,208.9,1018,22.3
108,19452271.5,-4090406.6,-0.4,0.4,-1.3,-0.1,0.3,-0.3,0.9,-109.7,-194.7,202.3,1018,22.3
108,19452271.5,-4090406.6,-0.5,0.0,0.0,-0.8,0.3,-0.3,0.9,-112.0,-192.5,198.8,1018,22.2
108,19452271.5,-4090406.6,-0.5,0.0,0.0,-0.1,0.5,-0.3,0.9,-114.6,-187.5,194.6,1018,22.2
108,19452271.5,-4090406.6,-0.5,0.0,0.0,0.1,0.3,-0.2,0.7,-118.3,-186.8,189.1,1018,22.2
108,19452271.5,-4090406.6,-0.5,0.0,0.0,0.0,0.4,-0.3,1.0,-119.0,-185.3,181.6,1018,22.3
108,19452271.5,-4090406.6,-0.4,0.0,0.0,0.7,0.4,-0.3,0.9,-120.8,-184.1,177.2,1018,22.3
109,19452271.5,-4090406.6,-0.3,0.0,0.0,0.4,0.4,-0.3,0.8,-122.4,-182.4,174.8,1018,22.3
109,19452271.5,-4090406.6,-0.4,0.0,0.0,-0.5,0.3,-0.2,0.9,-123.7,-182.1,171.7,1018,22.3
109,19452272.2,-4090407.0,-0.4,3.0,-1.5,-0.1,0.5,-0.4,0.9,-126.8,-184.8,166.2,1018,22.3
109,19452272.2,-4090407.0,-0.5,0.0,0.0,-1.1,0.4,-0.4,1.0,-127.2,-183.6,166.0,1018,22.3
109,19452272.2,-4090407.0,-0.6,0.0,0.0,-0.1,0.4,-0.4,0.8,-128.0,-182.4,164.8,1018,22.3
109,19452272.2,-4090407.0,-0.5,0.0,0.0,0.6,0.4,-0.4,0.8,-127.6,-181.1,163.4,1018,22.3
109,19452272.2,-4090407.0,-0.5,0.0,0.0,0.1,0.4,-0.5,0.8,-128.4,-180.5,162.1,1018,22.4
109,19452272.2,-4090407.0,-0.5,0.0,0.0,0.0,0.4,-0.5,0.8,-129.1,-182.3,162.1,1018,22.4
110,19452272.2,-4090407.0,-0.5,0.0,0.0,-0.2,0.4,-0.3,1.0,-127.4,-182.5,164.2,1018,22.4
110,19452272.2,-4090407.0,-0.5,0.0,0.0,0.3,0.4,-0.2,0.8,-130.0,-185.9,167.1,1018,22.4
110,19452272.3,-4090407.8,-0.5,0.5,-3.5,0.0,0.5,-0.3,1.0,-129.6,-189.6,165.5,1018,22.4
110,19452272.3,-4090407.8,-0.6,0.0,0.0,-0.9,0.5,-0.3,1.0,-131.4,-189.5,165.5,1018,22.4
110,19452272.3,-4090407.8,-0.6,0.0,0.0,-0.2,0.3,-0.3,0.9,-134.6,-186.7,166.2,1018,22.4
110,19452272.3,-4090407.8,-0.5,0.0,0.0,0.4,0.2,-0.2,0.9,-135.4,-183.0,165.4,1018,22.4
110,19452272.3,-4090407.8,-0.5,0.0,0.0,0.1,0.1,-0.2,0.9,-133.7,-176.3,160.4,1018,22.4
110,19452272.3,-4090407.8,-0.6,0.0,0.0,-0.5,0.2,-0.3,1.1,-135.2,-174.7,155.8,1018,22.4
111,19452272.3,-4090407.8,-0.5,0.0,0.0,0.6,0.3,-0.2,1.0,-136.5,-172.8,150.6,1018,22.4
111,19452272.3,-4090407.8,-0.5,0.0,0.0,0.1,0.5,-0.1,0.8,-137.4,-172.0,143.4,1018,22.4
111,19452272.0,-4090408.0,-0.5,-1.3,-0.9,-0.2,0.6,-0.2,0.9,-138.4,-167.4,125.1,1018,22.4
111,19452272.0,-4090408.0,-0.6,0.0,0.0,-1.0,0.7,-0.2,0.8,-142.1,-166.2,117.9,1018,22.4
111,19452272.0,-4090408.0,-0.6,0.0,0.0,0.1,0.7,-0.2,0.8,-146.1,-165.0,113.5,1018,22.4
111,19452272.0,-4090408.0,-0.6,0.0,0.0,0.4,0.4,-0.4,0.8,-146.4,-163.1,112.5,1018,22.4
111,19452272.0,-4090408.0,-0.5,0.0,0.0,0.5,0.4,-0.3,1.1,-145.1,-161.7,114.5,1018,22.4
111,19452272.0,-4090408.0,-0.5,0.0,0.0,0.4,0.3,-0.2,0.8,-145.1,-160.7,117.9,1018,22.4
112,19452272.0,-4090408.0,-0.4,0.0,0.0,0.5,0.3,-0.1,0.6,-146.5,-165.4,121.1,1018,22.4
112,19452272.0,-4090408.0,-0.3,0.0,0.0,0.8,0.4,-0.3,0.7,-142.0,-168.8,120.6,1018,22.4
112,19452271.4,-4090408.9,-0.3,-2.5,-4.0,0.4,0.6,0.0,0.9,-136.0,-182.4,130.8,1018,22.4
112,19452271.4,-4090408.9,-0.4,0.0,0.0,-1.4,0.5,-0.1,1.0,-132.3,-186.8,133.8,1018,22.4
112,19452271.4,-4090408.9,-0.5,0.0,0.0,-1.0,0.4,-0.1,0.8,-130.5,-188.7,138.4,1018,22.4
112,19452271.4,-4090408.9,-0.6,0.0,0.0,-0.2,0.7,-0.2,0.9,-127.1,-191.1,139.9,1018,22.4
112,19452271.4,-4090408.9,-0.6,0.0,0.0,-0.4,0.8,-0.1,0.9,-124.6,-189.3,145.4,1018,22.4
112,19452271.4,-4090408.9,-0.7,0.0,0.0,-0.9,0.7,0.0,0.9,-126.4,-188.5,149.7,1018,22.4
113,19452271.4,-4090408.9,-0.7,0.0,0.0,0.0,0.6,-0.0,0.6,-129.6,-186.2,151.8,1018,22.4
113,19452271.4,-4090408.9,-0.7,0.0,0.0,0.3,0.6,-0.1,0.7,-131.9,-185.3,149.9,1018,22.5
113,19452272.4,-4090408.4,-0.7,4.5,2.0,0.0,0.6,-0.1,0.8,-140.2,-182.4,132.1,1018,22.5
113,19452272.4,-4090408.4,-0.7,0.0,0.0,-0.5,0.7,-0.2,0.7,-146.1,-183.7,123.8,1018,22.4
113,19452272.4,-4090408.4,-0.7,0.0,0.0,0.0,0.5,-0.2,0.8,-147.9,-184.1,118.9,1018,22.4
113,19452272.4,-4090408.4,-0.8,0.0,0.0,-0.4,0.5,-0.2,0.8,-150.0,-185.9,115.6,1018,22.5
113,19452272.4,-4090408.4,-0.8,0.0,0.0,-0.1,0.5,-0.2,0.8,-150.3,-186.4,115.9,1018,22.5
113,19452272.4,-4090408.4,-0.8,0.0,0.0,0.2,0.6,-0.2,0.9,-150.3,-186.7,117.3,1018,22.5
114,19452272.4,-4090408.4,-0.8,0.0,0.0,-0.3,0.8,-0.1,0.9,-151.1,-187.0,117.8,1018,22.5
114,19452272.4,-4090408.4,-0.7,0.0,0.0,0.4,0.6,-0.1,0.6,-149.3,-184.0,119.4,1018,22.5
114,19452272.9,-4090408.3,-0.7,1.8,0.4,0.2,0.6,-0.1,0.8,-147.3,-183.3,112.2,1018,22.5
114,19452272.9,-4090408.3,-0.8,0.0,0.0,-0.9,0.8,-0.0,0.8,-148.7,-183.0,108.0,1018,22.5
114,19452272.9,-4090408.3,-0.8,0.0,0.0,0.0,0.7,0.0,0.8,-152.2,-182.3,102.8,1018,22.5
114,19452272.9,-4090408.3,-0.7,0.0,0.0,0.5,0.6,-0.0,0.8,-156.8,-181.2,97.3,1018,22.5
114,19452272.9,-4090408.3,-0.7,0.0,0.0,0.6,0.6,0.0,0.8,-161.7,-180.5,92.0,1018,22.5
114,19452272.9,-4090408.3,-0.6,0.0,0.0,0.3,0.5,0.0,0.8,-166.1,-180.1,87.0,1018,22.5
115,19452272.9,-4090408.3,-0.7,0.0,0.0,-0.1,0.6,-0.1,0.8,-170.1,-179.8,81.9,1018,22.5
115,19452272.9,-4090408.3,-0.7,0.0,0.0,-0.2,0.5,-0.1,0.8,-173.9,-179.6,77.6,1018,22.5
115,19452272.8,-4090408.4,-0.7,-0.5,-0.5,-0.0,0.6,-0.1,0.8,-180.2,-180.7,69.4,1018,22.5
115,19452272.8,-4090408.4,-0.8,0.0,0.0,-0.8,0.6,-0.0,0.8,-183.2,-180.0,66.3,1018,22.5
115,19452272.8,-4090408.4,-0.7,0.0,0.0,0.5,0.6,0.0,0.8,-187.2,-178.6,62.4,1018,22.5
115,19452272.8,-4090408.4,-0.7,0.0,0.0,0.5,0.6,0.1,0.7,-193.6,-178.3,55.0,1018,22.5
115,19452272.8,-4090408.4,-0.7,0.0,0.0,-0.2,0.7,-0.2,0.7,-198.5,-178.9,46.4,1018,22.6
115,19452272.8,-4090408.4,-0.7,0.0,0.0,-0.3,0.8,-0.2,0.8,-203.6,-177.6,40.9,1018,22.6
116,19452272.8,-4090408.4,-0.7,0.0,0.0,0.2,0.6,-0.1,0.7,-209.1,-175.1,35.2,1018,22.6
116,19452272.8,-4090408.4,-0.7,0.0,0.0,0.2,0.7,-0.1,0.8,-214.8,-172.4,23.6,1018,22.6
116,19452272.6,-4090408.4,-0.7,-0.5,0.0,-0.2,0.8,-0.0,0.8,-266.2,-187.2,-16.9,1018,22.6
116,19452272.6,-4090408.4,-0.7,0.0,0.0,0.1,0.7,-0.3,0.4,-292.8,-194.1,-18.2,1018,22.6
116,19452272.6,-4090408.4,-0.6,0.0,0.0,1.1,0.9,-0.4,0.2,-306.9,-193.0,-12.5,1018,22.5
116,19452272.6,-4090408.4,-0.5,0.0,0.0,1.0,0.5,-0.7,-0.2,-311.0,-190.5,-7.6,1018,22.5
116,19452272.6,-4090408.4,-0.5,0.0,0.0,-0.1,0.4,-0.6,0.2,-308.6,-188.9,-8.1,1018,22.5
117,19452272.6,-4090408.4,-0.5,0.0,0.0,-0.4,0.4,-0.7,0.4,-307.5,-187.1,-14.9,1018,22.5
117,19452272.6,-4090408.4,-0.6,0.0,0.0,-0.3,0.7,-0.7,0.5,-311.4,-185.4,-25.2,1018,22.6
117,19452272.6,-4090408.4,-0.5,0.0,0.0,0.3,0.8,-0.6,0.5,-314.6,-182.2,-32.2,1018,22.6
117,19452272.5,-4090409.1,-0.5,-0.5,-2.9,-0.1,0.8,-0.5,0.5,-321.5,-174.6,-45.7,1018,22.6
117,19452272.5,-4090409.1,-0.7,0.0,0.0,-1.3,0.7,-0.4,0.5,-325.2,-172.8,-50.0,1018,22.6
117,19452272.5,-4090409.1,-0.6,0.0,0.0,0.5,0.8,-0.4,0.5,-328.8,-171.0,-53.1,1018,22.6
117,19452272.5,-4090409.1,-0.6,0.0,0.0,0.0,0.8,-0.3,0.6,-331.0,-170.1,-54.6,1018,22.6
117,19452272.5,-4090409.1,-0.6,0.0,0.0,0.1,0.8,-0.3,0.5,-332.3,-169.0,-55.8,1018,22.6
118,19452272.5,-4090409.1,-0.6,0.0,0.0,0.2,0.8,-0.3,0.6,-333.3,-167.7,-56.2,1018,22.6
118,19452272.5,-4090409.1,-0.6,0.0,0.0,0.0,0.8,-0.2,0.5,-334.7,-167.0,-57.8,1018,22.6
118,19452272.5,-4090409.1,-0.6,0.0,0.0,0.0,0.8,-0.3,0.5,-335.5,-166.8,-59.2,1018,22.7
118,19452272.8,-4090409.3,-0.6,0.9,-0.9,0.0,0.8,-0.2,0.6,-336.2,-164.9,-62.1,1018,22.7
118,19452272.8,-4090409.3,-0.8,0.0,0.0,-1.4,0.8,-0.2,0.5,-337.3,-164.4,-64.2,1018,22.6
118,19452272.8,-4090409.3,-0.8,0.0,0.0,-0.4,0.8,-0.3,0.5,-336.8,-164.8,-65.5,1018,22.7
118,19452272.8,-4090409.3,-0.8,0.0,0.0,-0.5,0.9,-0.2,0.6,-334.9,-164.4,-65.2,1018,22.7
118,19452272.8,-4090409.3,-0.9,0.0,0.0,-0.2,0.8,-0.1,0.6,-334.4,-164.3,-64.3,1018,22.7
119,19452272.8,-4090409.3,-0.8,0.0,0.0,0.7,0.7,-0.2,0.5,-334.8,-164.7,-65.6,1018,22.7
119,19452272.8,-4090409.3,-0.8,0.0,0.0,0.0,0.9,-0.2,0.6,-333.9,-165.4,-65.6,1018,22.7
119,19452272.8,-4090409.3,-0.8,0.0,0.0,-0.3,0.8,-0.1,0.7,-334.6,-165.4,-64.1,1018,22.7
119,19452273.0,-4090409.1,-0.8,0.9,0.9,0.0,1.0,-0.2,0.7,-328.5,-164.7,-61.4,1018,22.8
119,19452273.0,-4090409.1,-0.9,0.0,0.0,-0.8,0.8,-0.1,0.5,-328.9,-164.5,-61.5,1018,22.7
119,19452273.0,-4090409.1,-0.9,0.0,0.0,-0.3,0.8,-0.2,0.5,-325.8,-164.6,-60.7,1018,22.7
119,19452273.0,-4090409.1,-0.9,0.0,0.0,0.7,0.8,-0.2,0.5,-322.4,-166.1,-58.8,1018,22.8
119,19452273.0,-4090409.1,-0.9,0.0,0.0,-0.6,0.9,-0.2,0.4,-316.5,-169.9,-56.4,1018,22.8
120,19452273.0,-4090409.1,-0.9,0.0,0.0,0.0,0.9,-0.2,0.5,-306.8,-173.2,-51.9,1018,22.8
120,19452273.0,-4090409.1,-0.9,0.0,0.0,0.6,0.9,-0.2,0.4,-298.7,-175.8,-47.4,1018,22.8
120,19452272.8,-4090408.5,-0.9,-1.9,4.6,0.0,0.9,-0.2,0.3,-289.8,-177.3,-42.2,1018,22.8
120,19452272.8,-4090408.5,-0.9,0.0,0.0,-0.1,1.0,-0.4,0.3,-275.9,-179.5,-31.4,1018,22.8
120,19452272.8,-4090408.5,-0.9,0.0,0.0,-0.1,1.0,-0.2,0.3,-264.5,-180.6,-21.9,1018,22.8
120,19452272.8,-4090408.5,-0.9,0.0,0.0,0.0,0.8,-0.0,0.6,-250.3,-178.8,-16.2,1018,22.8
120,19452272.8,-4090408.5,-0.9,0.0,0.0,0.3,0.8,-0.1,0.4,-240.1,-178.0,-9.7,1018,22.8
120,19452272.8,-4090408.5,-0.8,0.0,0.0,0.4,0.7,-0.2,0.4,-231.9,-177.8,-5.5,1018,22.8
121,19452272.8,-4090408.5,-0.8,0.0,0.0,0.6,0.9,-0.3,0.5,-223.8,-177.4,0.1,1018,22.8
121,19452272.8,-4090408.5,-0.8,0.0,0.0,0.1,1.0,-0.3,0.5,-216.0,-177.3,11.1,1018,22.8
121,19452272.9,-4090407.8,-0.8,1.0,7.1,-0.7,0.9,-0.1,0.6,-210.0,-181.8,20.0,1018,22.8
121,19452272.9,-4090407.8,-0.8,0.0,0.0,0.1,0.9,-0.3,0.5,-194.0,-182.2,41.7,1018,22.9
121,19452272.9,-4090407.8,-0.9,0.0,0.0,-0.7,0.9,-0.2,0.5,-188.7,-183.3,52.3,1018,22.8
121,19452272.9,-4090407.8,-0.9,0.0,0.0,0.1,0.8,0.1,0.5,-185.8,-187.8,58.7,1018,22.8
121,19452272.9,-4090407.8,-0.8,0.0,0.0,0.5,0.8,-0.0,0.8,-183.9,-194.1,56.6,1018,22.9
121,19452272.9,-4090407.8,-0.8,0.0,0.0,-0.4,0.8,-0.0,0.8,-183.9,-196.9,54.6,1018,22.9
122,19452272.9,-4090407.8,-0.8,0.0,0.0,0.1,0.7,-0.1,0.7,-187.6,-198.5,49.8,1018,22.9
122,19452272.9,-4090407.8,-0.9,0.0,0.0,-0.5,0.8,-0.2,0.7,-190.8,-197.1,43.7,1018,22.9
122,19452272.3,-4090408.3,-0.9,-4.5,-4.5,0.3,0.8,-0.4,0.6,-190.5,-193.2,41.8,1018,22.9
122,19452272.3,-4090408.3,-0.9,0.0,0.0,-0.2,1.1,-0.5,0.6,-184.0,-188.4,43.0,1018,22.9
122,19452272.3,-4090408.3,-0.9,0.0,0.0,-0.3,1.0,-0.2,0.6,-174.3,-183.0,51.4,1018,22.9
122,19452272.3,-4090408.3,-0.9,0.0,0.0,0.5,0.8,-0.1,0.5,-170.1,-178.6,62.4,1018,22.9
122,19452272.3,-4090408.3,-0.8,0.0,0.0,1.1,0.7,0.0,0.4,-169.0,-178.2,69.4,1018,22.9
122,19452272.3,-4090408.3,-0.7,0.0,0.0,0.6,0.7,0.1,0.6,-169.6,-182.7,70.4,1018,22.9
123,19452272.3,-4090408.3,-0.7,0.0,0.0,-0.1,0.8,-0.1,0.7,-171.2,-189.0,63.1,1018,22.9
123,19452272.3,-4090408.3,-0.7,0.0,0.0,-0.1,0.7,-0.0,0.8,-171.5,-190.5,61.1,1018,22.9
123,19452273.2,-4090410.7,-0.7,8.5,-22.3,0.0,0.7,-0.0,0.8,-177.6,-191.1,55.2,1018,23.0
123,19452273.2,-4090410.7,-0.7,0.0,0.0,-0.1,0.8,-0.2,0.8,-192.5,-181.9,37.4,1018,23.0
123,19452273.2,-4090410.7,-0.8,0.0,0.0,-0.5,0.9,-0.3,0.8,-199.7,-177.4,32.3,1018,22.9
123,19452273.2,-4090410.7,-0.9,0.0,0.0,-0.7,1.1,-0.4,0.7,-205.2,-171.1,31.4,1018,22.9
123,19452273.2,-4090410.7,-0.8,0.0,0.0,0.7,0.9,-0.3,0.5,-206.5,-163.8,35.4,1018,23.0
123,19452273.2,-4090410.7,-0.7,0.0,0.0,0.5,0.6,-0.1,0.5,-205.7,-159.7,43.0,1018,23.0
124,19452273.2,-4090410.7,-0.7,0.0,0.0,0.0,0.5,0.0,0.5,-204.8,-161.8,45.0,1018,23.0
124,19452273.2,-4090410.7,-0.6,0.0,0.0,0.9,0.6,0.1,0.5,-204.6,-167.4,41.8,1018,23.0
124,19452273.8,-4090410.9,-0.6,5.5,-2.2,0.0,0.7,-0.1,0.8,-203.5,-175.8,32.6,1018,23.0
124,19452273.8,-4090410.9,-0.7,0.0,0.0,-0.2,0.5,-0.0,0.8,-217.2,-182.7,11.2,1018,23.0
124,19452273.8,-4090410.9,-0.8,0.0,0.0,-1.5,0.8,-0.3,0.7,-224.2,-185.1,2.6,1018,23.0
124,19452273.8,-4090410.9,-0.9,0.0,0.0,-0.3,1.0,-0.3,0.8,-230.4,-184.8,1.2,1018,23.0
124,19452273.8,-4090410.9,-0.9,0.0,0.0,-0.3,1.1,-0.2,0.6,-234.6,-183.3,7.9,1018,23.0
125,19452273.8,-4090410.9,-0.9,0.0,0.0,0.4,0.8,-0.1,0.7,-232.9,-176.9,16.3,1018,23.1
125,19452273.8,-4090410.9,-0.8,0.0,0.0,0.5,0.6,-0.0,0.5,-234.1,-173.3,24.4,1018,23.1
125,19452273.8,-4090410.9,-0.8,0.0,0.0,0.3,0.5,0.0,0.5,-233.6,-172.6,26.2,1018,23.1
125,19452273.9,-4090410.9,-0.7,1.0,0.0,1.1,0.6,0.1,0.6,-234.0,-176.2,21.8,1018,23.1
125,19452273.9,-4090410.9,-0.7,0.0,0.0,0.1,0.8,-0.1,0.9,-240.3,-177.7,11.2,1018,23.1
125,19452273.9,-4090410.9,-0.7,0.0,0.0,-0.7,0.7,-0.1,0.7,-248.7,-178.8,5.1,1018,23.1
125,19452273.9,-4090410.9,-0.8,0.0,0.0,-0.5,0.6,-0.3,0.6,-255.4,-177.7,-2.1,1018,23.1
125,19452273.9,-4090410.9,-0.8,0.0,0.0,-0.3,1.1,-0.5,0.8,-257.4,-176.3,-4.4,1018,23.1
126,19452273.9,-4090410.9,-0.8,0.0,0.0,0.1,0.9,-0.4,0.6,-258.0,-174.5,-2.3,1018,23.1
126,19452273.9,-4090410.9,-0.8,0.0,0.0,0.1,0.9,-0.3,0.6,-253.6,-170.4,4.2,1018,23.1
126,19452273.9,-4090410.9,-0.7,0.0,0.0,0.8,0.7,-0.1,0.5,-252.0,-168.7,11.9,1018,23.1
126,19452275.0,-4090411.5,-0.7,10.7,-6.4,0.8,0.6,-0.1,0.5,-252.4,-169.8,15.3,1018,23.1
126,19452275.0,-4090411.5,-0.6,0.0,0.0,0.1,1.1,-0.3,0.8,-262.7,-185.0,-7.6,1018,23.1
126,19452275.0,-4090411.5,-0.7,0.0,0.0,-0.6,0.7,-0.2,0.8,-264.1,-184.2,-8.3,1018,23.1
126,19452275.0,-4090411.5,-0.8,0.0,0.0,-0.8,0.6,-0.2,0.7,-269.8,-182.9,-12.2,1018,23.1
126,19452275.0,-4090411.5,-0.7,0.0,0.0,0.8,0.7,-0.4,0.5,-273.8,-181.2,-15.9,1018,23.1
127,19452275.0,-4090411.5,-0.7,0.0,0.0,0.0,1.0,-0.5,0.6,-272.6,-179.5,-16.8,1018,23.2
127,19452275.0,-4090411.5,-0.7,0.0,0.0,0.3,1.1,-0.5,0.6,-271.0,-178.4,-16.0,1018,23.2
127,19452275.0,-4090411.5,-0.7,0.0,0.0,-0.1,0.9,-0.4,0.5,-262.3,-175.2,-12.1,1018,23.2
127,19452275.7,-4090413.2,-0.7,6.5,-16.4,0.1,0.9,-0.2,0.6,-259.1,-172.8,-3.3,1018,23.2
127,19452275.7,-4090413.2,-0.7,0.0,0.0,-0.1,0.6,-0.1,0.5,-268.6,-180.0,-10.0,1018,23.2
127,19452275.7,-4090413.2,-0.7,0.0,0.0,0.0,0.7,-0.3,0.7,-272.1,-181.6,-15.8,1018,23.2
127,19452275.7,-4090413.2,-0.7,0.0,0.0,0.3,0.9,-0.3,0.7,-276.0,-181.7,-20.3,1018,23.2
127,19452275.7,-4090413.2,-0.6,0.0,0.0,0.4,0.6,-0.3,0.7,-280.6,-179.8,-25.1,1018,23.2
128,19452275.7,-4090413.2,-0.6,0.0,0.0,-0.2,0.7,-0.4,0.5,-285.1,-177.2,-29.5,1018,23.2
128,19452275.7,-4090413.2,-0.6,0.0,0.0,0.3,0.8,-0.5,0.5,-287.9,-175.6,-31.2,1018,23.2
128,19452278.4,-4090414.5,-0.6,23.8,-11.4,-0.3,0.8,-0.4,0.5,-289.6,-175.6,-30.4,1018,23.2
128,19452278.4,-4090414.5,-0.6,0.0,0.0,0.0,0.9,-0.3,0.4,-288.0,-177.1,-27.8,1018,23.3
128,19452278.4,-4090414.5,-0.6,0.0,0.0,0.1,0.7,-0.1,0.6,-282.6,-174.8,-28.4,1018,23.3
128,19452278.4,-4090414.5,-0.7,0.0,0.0,-0.5,0.8,-0.2,0.5,-284.6,-172.8,-31.1,1018,23.2
128,19452278.4,-4090414.5,-0.6,0.0,0.0,0.3,0.8,-0.3,0.5,-286.8,-173.4,-34.1,1018,23.2
128,19452278.4,-4090414.5,-0.6,0.0,0.0,0.5,0.8,-0.3,0.6,-285.1,-175.9,-33.1,1018,23.2
129,19452278.4,-4090414.5,-0.5,0.0,0.0,0.5,0.8,-0.1,0.8,-283.6,-176.7,-32.4,1018,23.3
129,19452278.4,-4090414.5,-0.6,0.0,0.0,-0.4,0.7,-0.0,0.7,-285.2,-175.1,-32.6,1018,23.3
129,19452277.7,-4090413.9,-0.6,-6.4,5.5,-0.2,0.7,-0.2,0.6,-288.7,-174.4,-37.2,1018,23.3
129,19452277.7,-4090413.9,-0.6,0.0,0.0,-0.5,0.8,-0.2,0.6,-290.4,-173.4,-39.2,1018,23.3
129,19452277.7,-4090413.9,-0.6,0.0,0.0,0.1,0.7,-0.2,0.5,-301.2,-171.8,-44.3,1018,23.3
129,19452277.7,-4090413.9,-0.6,0.0,0.0,0.0,1.0,-0.2,0.5,-304.5,-171.5,-46.9,1018,23.3
129,19452277.7,-4090413.9,-0.6,0.0,0.0,-0.1,0.8,-0.2,0.6,-309.6,-170.7,-48.8,1018,23.3
129,19452277.7,-4090413.9,-0.6,0.0,0.0,0.2,0.8,-0.2,0.4,-317.9,-169.5,-52.6,1018,23.3
130,19452277.7,-4090413.9,-0.6,0.0,0.0,0.0,1.0,-0.4,0.5,-323.6,-167.9,-56.3,1018,23.3
130,19452277.7,-4090413.9,-0.6,0.0,0.0,-0.3,0.8,-0.3,0.4,-328.4,-165.1,-57.0,1018,23.3
130,19452277.1,-4090413.2,-0.7,-4.5,5.4,-0.2,0.9,-0.4,0.4,-335.0,-161.1,-59.6,1018,23.3
130,19452277.1,-4090413.2,-0.7,0.0,0.0,-0.1,0.9,-0.4,0.5,-340.6,-157.5,-61.1,1018,23.4
130,19452277.1,-4090413.2,-0.6,0.0,0.0,0.2,0.8,-0.3,0.5,-356.2,-144.3,-65.4,1018,23.4
130,19452277.1,-4090413.2,-0.6,0.0,0.0,0.0,0.8,-0.4,0.5,-371.2,-141.1,-72.5,1018,23.3
130,19452277.1,-4090413.2,-0.6,0.0,0.0,0.2,0.8,-0.6,0.3,-383.6,-139.2,-75.5,1018,23.3
130,19452277.1,-4090413.2,-0.6,0.0,0.0,-0.1,0.6,-0.6,0.4,-390.3,-134.0,-76.9,1018,23.4
131,19452277.1,-4090413.2,-0.6,0.0,0.0,0.3,0.5,-0.6,0.2,-389.9,-127.3,-82.0,1018,23.4
131,19452277.1,-4090413.2,-0.5,0.0,0.0,0.5,0.8,-0.6,0.4,-395.8,-123.9,-86.9,1018,23.4
131,19452277.1,-4090412.1,-0.6,0.0,9.3,-0.3,0.7,-0.5,0.4,-402.0,-120.7,-89.7,1018,23.4
131,19452277.1,-4090412.1,-0.6,0.0,0.0,-0.1,0.8,-0.5,0.4,-404.9,-117.9,-93.8,1018,23.4
131,19452277.1,-4090412.1,-0.6,0.0,0.0,0.0,0.8,-0.5,0.5,-410.3,-112.9,-100.4,1018,23.4
131,19452277.1,-4090412.1,-0.7,0.0,0.0,-0.8,0.7,-0.6,0.4,-413.7,-110.8,-102.9,1018,23.4
131,19452277.1,-4090412.1,-0.7,0.0,0.0,-0.2,0.6,-0.6,0.4,-417.3,-108.0,-105.3,1018,23.4
131,19452277.1,-4090412.1,-0.6,0.0,0.0,0.6,0.8,-0.5,0.4,-420.4,-106.4,-107.2,1018,23.4
132,19452277.1,-4090412.1,-0.7,0.0,0.0,-0.5,0.7,-0.5,0.4,-422.3,-106.6,-109.5,1018,23.4
132,19452277.1,-4090412.1,-0.6,0.0,0.0,0.6,0.8,-0.5,0.5,-422.3,-105.9,-110.9,1018,23.5
132,19452277.1,-4090412.7,-0.6,0.0,-5.5,-0.4,0.8,-0.4,0.5,-422.7,-105.4,-112.3,1018,23.5
132,19452277.1,-4090412.7,-0.6,0.0,0.0,0.3,0.8,-0.4,0.5,-423.0,-104.8,-113.5,1018,23.5
132,19452277.1,-4090412.7,-0.6,0.0,0.0,-0.0,0.8,-0.4,0.5,-421.4,-103.5,-114.8,1018,23.5
132,19452277.1,-4090412.7,-0.7,0.0,0.0,-1.1,0.8,-0.3,0.5,-421.4,-103.1,-115.1,1018,23.4
132,19452277.1,-4090412.7,-0.7,0.0,0.0,0.2,0.8,-0.4,0.5,-421.5,-103.3,-115.4,1018,23.5
132,19452277.1,-4090412.7,-0.7,0.0,0.0,0.3,0.8,-0.4,0.5,-420.6,-104.0,-114.8,1018,23.5
133,19452277.1,-4090412.7,-0.6,0.0,0.0,0.5,0.8,-0.4,0.5,-418.3,-105.9,-114.2,1018,23.5
133,19452277.1,-4090412.7,-0.7,0.0,0.0,-0.4,0.8,-0.4,0.5,-413.1,-107.3,-112.7,1018,23.5
133,19452278.2,-4090415.1,-0.6,9.0,-19.8,0.4,0.8,-0.4,0.4,-409.0,-109.4,-108.9,1018,23.5
133,19452278.2,-4090415.1,-0.6,0.0,0.0,0.3,0.9,-0.4,0.2,-401.0,-113.5,-105.2,1018,23.5
133,19452278.2,-4090415.1,-0.5,0.0,0.0,0.2,0.9,-0.3,0.2,-370.7,-121.6,-94.5,1018,23.5
133,19452278.2,-4090415.1,-0.6,0.0,0.0,-0.3,1.0,-0.3,0.3,-353.9,-125.3,-88.8,1018,23.5
133,19452278.2,-4090415.1,-0.7,0.0,0.0,-0.9,1.1,-0.3,0.4,-341.1,-128.1,-83.8,1018,23.5
133,19452278.2,-4090415.1,-0.6,0.0,0.0,0.8,0.9,-0.1,0.5,-332.8,-129.9,-73.1,1018,23.5
134,19452278.2,-4090415.1,-0.5,0.0,0.0,0.5,0.9,-0.0,0.5,-326.4,-131.1,-66.2,1018,23.5
134,19452278.2,-4090415.1,-0.5,0.0,0.0,0.2,0.6,-0.1,0.5,-320.3,-132.2,-63.3,1018,23.5
134,19452279.8,-4090419.8,-0.6,12.6,-37.7,-0.3,0.7,-0.5,0.6,-313.2,-132.6,-61.9,1018,23.6
134,19452279.8,-4090419.8,-0.6,0.0,0.0,-0.1,0.9,-0.6,0.6,-307.7,-131.1,-56.7,1018,23.6
134,19452279.8,-4090419.8,-0.6,0.0,0.0,-0.1,1.1,-0.3,0.1,-287.0,-144.7,-46.3,1018,23.6
134,19452279.8,-4090419.8,-0.6,0.0,0.0,0.2,1.0,-0.3,0.3,-271.5,-138.5,-40.5,1018,23.5
134,19452279.8,-4090419.8,-0.6,0.0,0.0,0.0,0.6,-0.3,0.6,-263.2,-135.8,-32.4,1018,23.6
134,19452279.8,-4090419.8,-0.5,0.0,0.0,0.3,0.6,-0.2,0.8,-256.6,-135.3,-23.6,1018,23.6
135,19452279.8,-4090419.8,-0.5,0.0,0.0,0.3,0.6,-0.1,0.7,-253.6,-140.1,-16.2,1018,23.6
135,19452279.8,-4090419.8,-0.5,0.0,0.0,-0.1,0.6,-0.3,0.7,-248.1,-144.9,-11.9,1018,23.6
135,19452281.0,-4090420.1,-0.5,11.3,-3.1,-0.3,0.6,-0.3,0.8,-243.0,-148.5,-8.2,1018,23.6
135,19452281.0,-4090420.1,-0.5,0.0,0.0,0.1,0.5,-0.1,0.7,-239.8,-156.6,-2.2,1018,23.6
135,19452281.0,-4090420.1,-0.5,0.0,0.0,-0.1,0.8,-0.1,0.7,-235.9,-163.1,3.0,1018,23.6
135,19452281.0,-4090420.1,-0.6,0.0,0.0,-0.7,0.7,-0.2,0.6,-234.6,-164.1,3.2,1018,23.6
135,19452281.0,-4090420.1,-0.6,0.0,0.0,0.3,0.9,-0.2,0.5,-236.4,-166.1,0.4,1018,23.6
135,19452281.0,-4090420.1,-0.6,0.0,0.0,0.2,0.8,-0.3,0.5,-236.9,-166.0,-2.0,1018,23.6
136,19452281.0,-4090420.1,-0.6,0.0,0.0,-0.5,0.9,-0.3,0.5,-239.2,-165.7,-2.3,1018,23.7
136,19452281.0,-4090420.1,-0.6,0.0,0.0,0.1,0.8,-0.3,0.5,-242.8,-165.0,-1.9,1018,23.7
136,19452281.8,-4090421.3,-0.6,7.6,-12.0,0.5,0.8,-0.3,0.6,-245.3,-163.9,-2.5,1018,23.7
136,19452281.8,-4090421.3,-0.6,0.0,0.0,-0.2,0.8,-0.3,0.6,-249.0,-162.4,-4.6,1018,23.7
136,19452281.8,-4090421.3,-0.6,0.0,0.0,0.1,0.8,-0.2,0.5,-260.4,-154.7,-21.0,1018,23.7
136,19452281.8,-4090421.3,-0.6,0.0,0.0,-0.3,1.0,-0.2,0.6,-264.9,-152.8,-27.5,1018,23.7
136,19452281.8,-4090421.3,-0.5,0.0,0.0,0.5,0.8,-0.1,0.6,-268.9,-151.4,-31.5,1018,23.7
136,19452281.8,-4090421.3,-0.5,0.0,0.0,0.1,0.8,-0.0,0.7,-273.1,-150.3,-34.3,1018,23.7
137,19452281.8,-4090421.3,-0.5,0.0,0.0,0.1,0.6,-0.0,0.6,-276.9,-149.7,-37.7,1018,23.7
137,19452281.8,-4090421.3,-0.5,0.0,0.0,-0.1,0.7,-0.1,0.7,-281.9,-149.2,-41.8,1018,23.8
137,19452282.0,-4090422.2,-0.6,2.2,-8.7,-0.2,0.7,-0.1,0.7,-289.6,-149.4,-43.5,1018,23.8
137,19452282.0,-4090422.2,-0.5,0.0,0.0,0.1,0.7,-0.0,0.7,-299.6,-148.9,-46.2,1018,23.8
137,19452282.0,-4090422.2,-0.6,0.0,0.0,-0.2,1.3,-0.4,0.5,-334.4,-139.9,-53.2,1018,23.8
137,19452282.0,-4090422.2,-0.6,0.0,0.0,-0.5,0.9,-0.4,0.3,-340.1,-126.9,-53.7,1018,23.8
137,19452282.0,-4090422.2,-0.6,0.0,0.0,0.5,0.7,-0.4,0.3,-345.2,-116.4,-55.0,1018,23.8
138,19452282.0,-4090422.2,-0.5,0.0,0.0,1.1,0.6,-0.3,0.4,-349.7,-110.6,-59.0,1018,23.8
138,19452282.0,-4090422.2,-0.5,0.0,0.0,-0.1,0.6,-0.1,0.7,-359.4,-109.4,-70.4,1018,23.8
138,19452282.0,-4090422.2,-0.5,0.0,0.0,-0.1,0.8,-0.3,0.6,-365.6,-103.5,-85.6,1018,23.8
138,19452282.8,-4090421.2,-0.5,6.9,8.9,0.0,1.2,-0.5,0.4,-365.6,-90.4,-103.6,1018,23.8
138,19452282.8,-4090421.2,-0.5,0.0,0.0,-0.3,0.8,-0.5,0.3,-370.9,-89.3,-118.3,1018,23.8
138,19452282.8,-4090421.2,-0.5,0.0,0.0,0.1,0.7,-0.1,0.6,-375.5,-94.7,-115.9,1018,23.8
138,19452282.8,-4090421.2,-0.5,0.0,0.0,-0.3,0.6,-0.1,0.6,-373.9,-96.5,-111.5,1018,23.8
138,19452282.8,-4090421.2,-0.5,0.0,0.0,0.2,0.6,-0.2,0.6,-373.3,-97.5,-102.4,1018,23.8
139,19452282.8,-4090421.2,-0.5,0.0,0.0,0.2,0.8,-0.1,0.6,-371.3,-94.5,-95.3,1018,23.8
139,19452282.8,-4090421.2,-0.5,0.0,0.0,-0.5,0.8,-0.3,0.7,-369.6,-90.8,-93.4,1018,23.8
139,19452282.8,-4090421.2,-0.6,0.0,0.0,-0.6,0.6,-0.3,0.9,-365.2,-86.1,-94.2,1018,23.9
139,19452283.9,-4090415.9,-0.6,10.9,52.4,-0.3,0.5,-0.2,1.1,-365.0,-82.7,-98.2,1018,23.9
139,19452283.9,-4090415.9,-0.7,0.0,0.0,-0.3,0.4,-0.0,1.0,-357.8,-72.8,-101.7,1018,23.9
139,19452283.9,-4090415.9,-0.7,0.0,0.0,-0.1,0.2,0.4,1.1,-347.8,-57.8,-95.5,1018,23.9
139,19452283.9,-4090415.9,-0.7,0.0,0.0,-0.2,0.1,0.4,0.9,-343.3,-51.2,-95.7,1018,23.9
139,19452283.9,-4090415.9,-0.8,0.0,0.0,-0.9,0.0,0.4,0.8,-341.7,-49.4,-94.2,1018,23.9
140,19452283.9,-4090415.9,-0.9,0.0,0.0,-0.6,-0.0,0.4,0.8,-339.8,-48.1,-92.7,1018,23.9
140,19452283.9,-4090415.9,-0.9,0.0,0.0,0.0,0.0,0.4,0.9,-339.5,-47.3,-92.2,1018,23.9
140,19452291.7,-4090415.6,-0.9,69.0,3.0,0.0,-0.0,0.4,1.0,-339.3,-44.3,-92.9,1018,23.9
140,19452291.7,-4090415.6,-0.9,0.0,0.0,-0.5,0.1,0.5,0.9,-337.6,-39.7,-87.1,1018,24.0
140,19452291.7,-4090415.6,-0.9,0.0,0.0,0.2,-0.1,0.3,0.9,-339.3,-37.9,-85.3,1018,24.0
140,19452291.7,-4090415.6,-1.0,0.0,0.0,-0.2,0.1,0.2,0.9,-352.5,-39.0,-86.6,1018,24.0
140,19452291.7,-4090415.6,-1.1,0.0,0.0,-0.7,-0.5,-0.1,1.4,-350.1,-35.3,-89.2,1018,23.9
140,19452291.7,-4090415.6,-1.0,0.0,0.0,0.2,-0.1,-0.1,1.1,-346.4,-36.5,-91.0,1018,23.9
141,19452291.7,-4090415.6,-1.1,0.0,0.0,-0.3,0.1,-0.1,1.2,-349.9,-31.9,-86.2,1018,24.0
141,19452291.7,-4090415.6,-1.0,0.0,0.0,0.5,-0.0,-0.2,1.2,-350.2,-30.1,-84.7,1018,24.0
141,19452292.7,-4090417.6,-1.0,9.8,-19.6,0.0,-0.1,-0.1,1.0,-349.6,-28.5,-86.5,1018,24.0
141,19452292.7,-4090417.6,-1.0,0.0,0.0,0.4,0.0,-0.0,0.7,-349.0,-28.3,-75.2,1018,24.0
141,19452292.7,-4090417.6,-0.9,0.0,0.0,0.3,0.1,-0.2,1.0,-348.6,-22.6,-70.9,1018,24.0
141,19452292.7,-4090417.6,-1.0,0.0,0.0,-0.2,-0.0,-0.1,1.0,-348.6,-23.5,-64.2,1018,24.0
141,19452292.7,-4090417.6,-1.0,0.0,0.0,-0.2,-0.0,-0.1,1.0,-348.7,-23.5,-64.2,1018,24.0
141,19452292.7,-4090417.6,-1.0,0.0,0.0,0.5,-0.0,-0.1,1.0,-348.6,-23.5,-64.2,1018,24.0
142,19452292.7,-4090417.6,-1.0,0.0,0.0,0.0,0.0,-0.1,1.0,-348.6,-23.5,-64.2,1018,24.0
142,19452292.7,-4090417.6,-0.9,0.0,0.0,0.2,-0.0,-0.1,1.0,-348.6,-23.5,-64.2,1018,24.0
142,19452294.0,-4090418.1,-0.9,11.6,-4.8,0.6,-0.0,-0.1,1.0,-348.6,-23.5,-64.3,1018,24.0
142,19452294.0,-4090418.1,-0.9,0.0,0.0,-0.1,-0.0,-0.1,1.0,-348.6,-23.5,-64.3,1018,24.0
142,19452294.0,-4090418.1,-0.9,0.0,0.0,0.1,0.0,-0.1,1.0,-348.6,-23.4,-64.3,1018,24.0
142,19452294.0,-4090418.1,-0.9,0.0,0.0,0.0,-0.0,-0.1,1.0,-348.6,-23.5,-64.3,1018,24.0
142,19452294.0,-4090418.1,-0.9,0.0,0.0,-0.6,-0.0,-0.1,1.0,-348.6,-23.5,-64.3,1018,24.0
142,19452294.0,-4090418.1,-0.9,0.0,0.0,0.2,-0.1,-0.1,1.0,-348.6,-23.9,-62.7,1018,24.0
143,19452294.0,-4090418.1,-0.9,0.0,0.0,0.4,0.0,-0.2,1.0,-348.7,-24.2,-61.5,1018,24.0
143,19452294.0,-4090418.1,-0.9,0.0,0.0,-0.1,-0.0,-0.1,1.0,-348.7,-24.2,-61.5,1018,24.0
143,19452295.5,-4090418.3,-0.9,13.4,-2.1,-0.1,-0.0,-0.1,1.0,-348.6,-24.2,-61.5,1018,24.0
143,19452295.5,-4090418.3,-0.8,0.0,0.0,0.7,-0.0,-0.1,1.0,-348.7,-24.2,-61.5,1018,24.0
143,19452295.5,-4090418.3,-0.8,0.0,0.0,0.2,-0.0,-0.1,1.0,-348.7,-24.2,-61.5,1018,24.0
143,19452295.5,-4090418.3,-0.8,0.0,0.0,0.1,-0.0,-0.1,1.0,-348.7,-24.3,-61.5,1018,24.0
143,19452295.5,-4090418.3,-0.8,0.0,0.0,-0.5,-0.0,-0.1,1.0,-348.7,-24.2,-61.5,1018,24.0
144,19452295.5,-4090418.3,-0.8,0.0,0.0,0.2,-0.0,-0.1,1.0,-348.7,-24.2,-61.5,1018,24.0
144,19452295.5,-4090418.3,-0.8,0.0,0.0,0.3,-0.1,-0.2,1.1,-348.6,-24.7,-60.9,1018,24.0
144,19452295.5,-4090418.3,-0.8,0.0,0.0,0.2,0.0,0.1,1.0,-325.5,-17.9,-49.6,1018,24.0
144,19452295.4,-4090418.0,-0.7,-1.0,3.0,0.3,-0.2,0.2,0.9,-330.7,-7.2,-50.3,1018,24.0
144,19452295.4,-4090418.0,-0.7,0.0,0.0,-0.2,-0.3,0.3,0.8,-330.7,-2.3,-50.0,1018,24.1
144,19452295.4,-4090418.0,-0.7,0.0,0.0,0.0,-0.3,0.3,0.9,-330.9,-2.1,-49.9,1018,24.1
144,19452295.4,-4090418.0,-0.8,0.0,0.0,-0.1,-0.3,0.3,0.9,-333.6,-3.8,-50.4,1018,24.1
144,19452295.4,-4090418.0,-0.9,0.0,0.0,-0.8,-0.2,0.2,1.0,-336.8,-7.8,-51.1,1018,24.0
145,19452295.4,-4090418.0,-0.8,0.0,0.0,0.1,-0.1,0.1,1.1,-338.5,-16.5,-50.6,1018,24.0
145,19452295.4,-4090418.0,-0.8,0.0,0.0,0.4,-0.3,-0.1,1.5,-343.5,-16.8,-49.5,1018,24.0
145,19452295.4,-4090418.0,-0.8,0.0,0.0,0.4,0.2,0.2,0.4,-367.5,-15.8,-50.0,1018,24.1
145,19452294.2,-4090418.1,-0.8,-9.6,-1.0,-0.4,-0.0,-0.2,1.0,-367.3,-15.0,-50.2,1018,24.1
145,19452294.2,-4090418.1,-0.8,0.0,0.0,0.0,-0.1,-0.1,1.0,-367.3,-15.3,-50.2,1018,24.1
145,19452294.2,-4090418.1,-0.8,0.0,0.0,-0.3,-0.0,-0.1,1.0,-367.3,-15.1,-50.2,1018,24.1
145,19452294.2,-4090418.1,-0.8,0.0,0.0,-0.0,0.0,-0.1,1.0,-367.3,-15.0,-50.2,1018,24.1
145,19452294.2,-4090418.1,-0.9,0.0,0.0,-0.5,0.0,-0.1,1.0,-367.3,-15.0,-50.2,1018,24.1
146,19452294.2,-4090418.1,-0.9,0.0,0.0,0.0,0.0,-0.1,1.0,-367.4,-15.0,-50.2,1018,24.1
146,19452294.2,-4090418.1,-0.9,0.0,0.0,0.1,-0.0,-0.1,1.0,-367.4,-15.0,-50.2,1018,24.1
146,19452294.2,-4090418.1,-0.9,0.0,0.0,0.2,-0.1,-0.1,1.0,-367.4,-15.3,-46.6,1018,24.1
146,19452293.4,-4090417.7,-0.8,-7.9,3.9,0.8,-0.0,-0.1,1.0,-367.4,-15.4,-46.6,1018,24.1
146,19452293.4,-4090417.7,-0.8,0.0,0.0,0.1,-0.2,-0.1,1.2,-367.3,-13.1,-47.4,1018,24.1
146,19452293.4,-4090417.7,-0.7,0.0,0.0,0.5,-0.1,-0.1,1.1,-367.5,-14.0,-46.9,1018,24.1
146,19452293.4,-4090417.7,-0.7,0.0,0.0,0.0,-0.1,-0.1,1.1,-367.6,-24.6,-6.6,1018,24.1
146,19452293.4,-4090417.7,-0.8,0.0,0.0,-1.0,-0.1,-0.1,1.0,-367.5,-24.8,-4.8,1018,24.1
147,19452293.4,-4090417.7,-0.9,0.0,0.0,-0.5,0.0,-0.2,1.0,-366.3,-23.1,-5.7,1018,24.1
147,19452293.4,-4090417.7,-0.9,0.0,0.0,0.0,-0.0,-0.1,1.0,-365.3,-21.4,-2.9,1018,24.1
147,19452293.4,-4090417.7,-0.9,0.0,0.0,-0.2,-0.0,-0.1,0.9,-365.6,-24.3,-1.3,1018,24.1
147,19452292.1,-4090417.3,-0.8,-12.0,3.3,0.4,0.2,-0.2,0.8,-381.3,-24.1,-1.0,1018,24.1
147,19452292.1,-4090417.3,-0.8,0.0,0.0,0.3,0.0,-0.4,0.9,-381.8,-19.5,0.5,1018,24.1
147,19452292.1,-4090417.3,-0.8,0.0,0.0,-0.4,0.1,-0.1,1.0,-378.0,-21.1,9.9,1018,24.1
147,19452292.1,-4090417.3,-0.8,0.0,0.0,0.3,-0.0,-0.1,1.0,-378.2,-22.7,15.8,1018,24.1
147,19452292.1,-4090417.3,-0.8,0.0,0.0,-0.7,-0.0,-0.1,1.0,-378.2,-22.5,15.7,1018,24.1
148,19452292.1,-4090417.3,-0.9,0.0,0.0,-0.2,-0.0,-0.2,1.0,-378.1,-21.7,10.8,1018,24.1
148,19452292.1,-4090417.3,-0.9,0.0,0.0,-0.1,-0.0,-0.1,1.0,-378.2,-21.7,10.8,1018,24.1
148,19452291.2,-4090414.4,-0.8,-7.9,25.6,0.4,0.0,-0.1,1.0,-378.1,-21.6,10.8,1018,24.1
148,19452291.2,-4090414.4,-0.9,0.0,0.0,-0.5,-0.0,-0.1,1.0,-378.1,-21.6,10.8,1018,24.1
148,19452291.2,-4090414.4,-0.8,0.0,0.0,0.3,0.2,-0.2,0.7,-378.9,-21.2,7.9,1018,24.1
148,19452291.2,-4090414.4,-0.8,0.0,0.0,0.1,0.0,-0.2,1.0,-378.9,-19.7,8.1,1018,24.1
148,19452291.2,-4090414.4,-0.8,0.0,0.0,-0.0,0.0,-0.2,1.0,-378.6,-18.0,7.4,1018,24.1
148,19452291.2,-4090414.4,-0.9,0.0,0.0,-0.8,0.0,-0.2,1.0,-378.7,-17.3,1.5,1018,24.1
149,19452291.2,-4090414.4,-0.9,0.0,0.0,0.2,-0.0,-0.1,1.0,-378.8,-17.7,1.6,1018,24.1
149,19452291.2,-4090414.4,-0.9,0.0,0.0,-0.2,-0.0,-0.1,1.0,-378.8,-17.5,1.6,1018,24.1
149,19452289.0,-4090414.0,-0.9,-19.7,3.9,0.3,0.0,-0.1,1.0,-378.8,-16.9,1.7,1018,24.1
149,19452289.0,-4090414.0,-0.9,0.0,0.0,0.4,0.0,-0.1,1.0,-378.8,-16.8,1.6,1018,24.1
149,19452289.0,-4090414.0,-0.9,0.0,0.0,-0.2,-0.1,-0.1,1.0,-378.9,-17.7,1.5,1018,24.1
149,19452289.0,-4090414.0,-0.9,0.0,0.0,0.3,0.0,-0.1,1.0,-378.9,-17.7,1.5,1018,24.1
149,19452289.0,-4090414.0,-0.8,0.0,0.0,0.2,-0.1,-0.2,1.1,-378.9,-20.8,17.5,1018,24.1
149,19452289.0,-4090414.0,-0.9,0.0,0.0,-0.9,0.3,-0.1,0.5,-380.4,-17.5,18.9,1018,24.1
150,19452289.0,-4090414.0,-1.0,0.0,0.0,-0.4,-0.0,-0.2,1.0,-380.3,-17.3,19.6,1018,24.1
150,19452289.0,-4090414.0,-0.9,0.0,0.0,0.6,0.0,-0.1,1.0,-380.3,-17.3,19.6,1018,24.1
150,19452298.0,-4090404.6,-0.8,75.1,77.9,0.7,0.0,-0.1,1.0,-380.3,-17.4,19.6,1018,24.1
150,19452298.0,-4090404.6,-0.8,0.0,0.0,-0.2,-0.0,-0.1,1.0,-380.4,-17.4,19.6,1018,24.1
150,19452298.0,-4090404.6,-0.9,0.0,0.0,-0.4,-0.0,-0.1,1.0,-380.3,-17.4,19.6,1018,24.2
150,19452298.0,-4090404.6,-0.9,0.0,0.0,-0.1,0.0,-0.1,1.0,-380.3,-17.5,19.7,1018,24.2
150,19452298.0,-4090404.6,-0.8,0.0,0.0,0.2,0.0,-0.1,1.0,-380.4,-17.5,19.6,1018,24.2
150,19452298.0,-4090404.6,-0.9,0.0,0.0,-0.7,-0.0,-0.1,1.0,-380.4,-17.5,19.7,1018,24.1
151,19452298.0,-4090404.6,-0.9,0.0,0.0,0.0,-0.0,-0.1,1.0,-380.4,-17.5,19.7,1018,24.1
151,19452298.0,-4090404.6,-0.9,0.0,0.0,-0.3,-0.0,-0.1,1.0,-380.4,-17.5,19.7,1018,24.1
151,19452298.6,-4090403.5,-0.9,4.5,9.0,0.3,-0.0,-0.1,1.0,-380.4,-17.5,19.7,1018,24.2
151,19452298.6,-4090403.5,-0.8,0.0,0.0,0.6,-0.0,-0.1,1.0,-380.4,-17.5,19.7,1018,24.2
151,19452298.6,-4090403.5,-0.8,0.0,0.0,0.3,-0.0,-0.1,1.0,-380.4,-17.5,19.7,1018,24.2
151,19452298.6,-4090403.5,-0.8,0.0,0.0,-0.2,-0.0,-0.1,1.0,-380.5,-17.5,19.7,1018,24.2
151,19452298.6,-4090403.5,-0.9,0.0,0.0,-0.3,-0.0,-0.1,1.0,-380.5,-17.4,19.7,1018,24.2
151,19452298.6,-4090403.5,-0.9,0.0,0.0,-0.5,-0.0,-0.1,1.0,-380.4,-17.3,19.7,1018,24.1
152,19452298.6,-4090403.5,-0.9,0.0,0.0,0.2,-0.0,-0.1,1.0,-380.5,-17.4,19.7,1018,24.1
152,19452298.6,-4090403.5,-0.9,0.0,0.0,-0.2,-0.0,-0.1,1.0,-380.4,-17.1,19.7,1018,24.2
152,19452299.4,-4090403.3,-0.9,6.8,1.9,0.2,0.0,-0.1,1.0,-380.4,-17.1,19.7,1018,24.2
152,19452299.4,-4090403.3,-0.9,0.0,0.0,0.3,-0.0,-0.1,1.0,-380.4,-17.1,19.7,1018,24.2
152,19452299.4,-4090403.3,-0.8,0.0,0.0,0.3,-0.0,-0.1,1.0,-380.4,-17.1,19.7,1018,24.2
152,19452299.4,-4090403.3,-0.9,0.0,0.0,-0.4,-0.0,-0.1,1.0,-380.4,-17.1,19.7,1018,24.2
152,19452299.4,-4090403.3,-0.8,0.0,0.0,0.2,-0.0,-0.1,1.0,-380.4,-17.1,19.7,1018,24.2
152,19452299.4,-4090403.3,-0.9,0.0,0.0,-0.4,-0.0,-0.1,1.0,-380.4,-17.1,19.8,1018,24.1
153,19452299.4,-4090403.3,-0.9,0.0,0.0,-0.2,-0.0,-0.1,1.0,-380.4,-17.1,19.8,1018,24.2
153,19452299.4,-4090403.3,-0.9,0.0,0.0,0.2,-0.0,-0.1,1.0,-380.4,-17.2,19.8,1018,24.2
153,19452300.0,-4090403.1,-0.8,5.9,2.0,0.2,-0.0,-0.1,1.0,-380.4,-17.1,19.8,1018,24.2
153,19452300.0,-4090403.1,-0.8,0.0,0.0,0.3,-0.0,-0.1,1.0,-380.4,-17.1,19.7,1018,24.2
153,19452300.0,-4090403.1,-0.8,0.0,0.0,-0.1,-0.0,-0.1,1.0,-380.4,-17.1,19.7,1018,24.2
153,19452300.0,-4090403.1,-0.8,0.0,0.0,0.0,-0.0,-0.1,1.0,-380.4,-17.1,19.7,1018,24.2
153,19452300.0,-4090403.1,-0.8,0.0,0.0,0.0,-0.0,-0.1,1.0,-380.4,-17.2,19.7,1018,24.2
153,19452300.0,-4090403.1,-0.8,0.0,0.0,-0.2,-0.0,-0.1,1.0,-380.5,-17.2,19.7,1018,24.2
154,19452300.0,-4090403.1,-0.9,0.0,0.0,-0.3,-0.0,-0.1,1.0,-380.4,-17.2,19.7,1018,24.2
154,19452300.0,-4090403.1,-0.9,0.0,0.0,-0.1,-0.0,-0.1,1.0,-380.5,-17.2,19.7,1018,24.2
154,19452300.0,-4090403.1,-0.9,0.0,0.0,-0.1,-0.0,-0.1,1.0,-380.5,-17.2,19.7,1018,24.2
154,19452300.0,-4090403.1,-0.9,0.0,0.0,0.3,-0.0,-0.1,1.0,-380.4,-17.2,19.7,1018,24.2
154,19452300.0,-4090403.1,-0.8,0.0,0.0,0.2,-0.0,-0.1,1.0,-380.4,-17.2,19.7,1018,24.2
154,19452300.0,-4090403.1,-0.8,0.0,0.0,0.0,-0.0,-0.1,1.0,-380.4,-17.2,19.7,1018,24.2
154,19452300.0,-4090403.1,-0.8,0.0,0.0,0.1,-0.0,-0.1,1.0,-380.4,-17.2,19.7,1018,24.2
154,19452300.0,-4090403.1,-0.9,0.0,0.0,-0.6,-0.0,-0.1,1.0,-380.4,-17.2,19.7,1018,24.2
155,19452300.0,-4090403.1,-0.9,0.0,0.0,0.1,-0.0,-0.1,1.0,-380.4,-17.2,19.7,1018,24.2
155,19452300.0,-4090403.1,-0.9,0.0,0.0,0.0,-0.0,-0.1,1.0,-380.4,-17.2,19.7,1018,24.2
155,19452300.0,-4090403.1,-0.8,0.0,0.0,0.6,-0.0,-0.1,1.0,-380.4,-17.2,19.7,1018,24.2
155,19452300.0,-4090403.1,-0.8,0.0,0.0,-0.1,-0.0,-0.1,1.0,-380.5,-17.2,19.7,1018,24.2
155,19452300.0,-4090403.1,-0.8,0.0,0.0,0.3,-0.0,-0.1,1.0,-380.5,-17.2,19.7,1018,24.2
155,19452300.0,-4090403.1,-0.8,0.0,0.0,0.0,-0.0,-0.1,1.0,-380.5,-17.2,19.7,1018,24.2
155,19452300.0,-4090403.1,-0.8,0.0,0.0,-0.0,-0.0,-0.1,1.0,-380.5,-17.2,19.7,1018,24.2
155,19452300.0,-4090403.1,-0.8,0.0,0.0,-0.4,-0.0,-0.1,1.0,-380.5,-17.2,19.6,1018,24.2
156,19452300.0,-4090403.1,-0.8,0.0,0.0,0.1,-0.0,-0.1,1.0,-380.5,-17.2,19.6,1018,24.2
156,19452300.0,-4090403.1,-0.8,0.0,0.0,0.2,-0.1,-0.1,1.1,-380.6,-17.8,19.8,1018,24.2
156,19452300.0,-4090403.1,-0.7,0.0,0.0,0.7,0.0,-0.1,1.0,-380.6,-17.7,19.8,1018,24.2
156,19452300.0,-4090403.1,-0.7,0.0,0.0,0.1,-0.0,-0.1,1.0,-380.6,-17.7,19.8,1018,24.2
156,19452300.0,-4090403.1,-0.7,0.0,0.0,0.3,-0.0,-0.1,1.0,-380.8,-19.4,21.7,1018,24.2
156,19452300.0,-4090403.1,-0.7,0.0,0.0,-0.4,0.0,-0.1,1.0,-380.7,-19.2,21.8,1018,24.2
156,19452300.0,-4090403.1,-0.7,0.0,0.0,-0.0,-0.0,-0.1,1.0,-380.7,-19.3,21.8,1018,24.2
157,19452300.0,-4090403.1,-0.9,0.0,0.0,-1.2,-0.0,-0.1,1.0,-380.7,-19.3,21.8,1018,24.2
157,19452300.0,-4090403.1,-0.9,0.0,0.0,-0.3,-0.2,-0.0,0.9,-381.2,-21.1,25.3,1018,24.2
157,19452300.0,-4090403.1,-0.9,0.0,0.0,0.1,0.0,-0.2,1.0,-381.1,-21.0,33.2,1018,24.2
157,19452300.0,-4090403.1,-0.9,0.0,0.0,0.2,0.1,-0.1,1.1,-380.8,-20.5,36.5,1018,24.2
157,19452300.0,-4090403.1,-0.9,0.0,0.0,0.0,0.0,-0.1,1.0,-380.8,-20.1,39.3,1018,24.2
157,19452300.0,-4090403.1,-0.9,0.0,0.0,-0.1,0.0,-0.1,1.0,-380.8,-20.4,41.0,1018,24.2
157,19452300.0,-4090403.1,-0.9,0.0,0.0,0.1,0.1,-0.1,0.9,-380.9,-21.5,41.6,1018,24.3
157,19452300.0,-4090403.1,-0.8,0.0,0.0,0.3,-0.0,-0.1,1.0,-381.1,-23.2,43.0,1018,24.3
